code,industry
sh600010,钢铁
sh600019,钢铁
sh600022,钢铁
sh600117,钢铁
sh600126,钢铁
sh600231,钢铁
sh600282,钢铁
sh600295,钢铁
sh600307,钢铁
sh600382,钢铁
sh600399,钢铁
sh600507,钢铁
sh600516,钢铁
sh600569,钢铁
sh600581,钢铁
sh600782,钢铁
sh600808,钢铁
sh601003,钢铁
sh601005,钢铁
sh601121,钢铁
sh601686,钢铁
sh601969,钢铁
sh603878,钢铁
sh603995,钢铁
sz000629,钢铁
sz000655,钢铁
sz000708,钢铁
sz000709,钢铁
sz000717,钢铁
sz000761,钢铁
sz000778,钢铁
sz000825,钢铁
sz000898,钢铁
sz000923,钢铁
sz000932,钢铁
sz000959,钢铁
sz001203,钢铁
sz002075,钢铁
sz002110,钢铁
sz002318,钢铁
sz002443,钢铁
sz300881,钢铁
sz301160,钢铁
sh600197,白酒
sh600199,白酒
sh600519,白酒
sh600559,白酒
sh600702,白酒
sh600779,白酒
sh600809,白酒
sh603198,白酒
sh603369,白酒
sh603589,白酒
sh603919,白酒
sz000568,白酒
sz000596,白酒
sz000799,白酒
sz000858,白酒
sz000860,白酒
sz000995,白酒
sz002304,白酒
sz002646,白酒
sh600000,银行
sh600015,银行
sh600016,银行
sh600036,银行
sh600908,银行
sh600919,银行
sh600926,银行
sh600928,银行
sh601009,银行
sh601077,银行
sh601128,银行
sh601166,银行
sh601169,银行
sh601187,银行
sh601229,银行
sh601288,银行
sh601328,银行
sh601398,银行
sh601528,银行
sh601577,银行
sh601658,银行
sh601665,银行
sh601818,银行
sh601825,银行
sh601838,银行
sh601860,银行
sh601916,银行
sh601939,银行
sh601963,银行
sh601988,银行
sh601997,银行
sh601998,银行
sh603323,银行
sz000001,银行
sz001227,银行
sz002142,银行
sz002807,银行
sz002839,银行
sz002936,银行
sz002948,银行
sz002958,银行
sz002966,银行
sh600633,游戏
sh600715,游戏
sh600892,游戏
sh603258,游戏
sh603444,游戏
sz002174,游戏
sz002425,游戏
sz002517,游戏
sz002555,游戏
sz002558,游戏
sz002602,游戏
sz002605,游戏
sz002624,游戏
sz002919,游戏
sz300002,游戏
sz300031,游戏
sz300043,游戏
sz300052,游戏
sz300113,游戏
sz300299,游戏
sz300315,游戏
sz300418,游戏
sz300459,游戏
sz300467,游戏
sz300494,游戏
sz300533,游戏
