code,industry,pred_rf,pred_reg
300065,科技,0,0
301583,科技,0,0
001248,公用事业,0,0
301042,科技,0,0
688797,科技,0,0
001399,科技,0,0
002842,周期资源,0,0
603435,科技,0,0
301669,科技,0,3
001237,制造,0,3
688981,科技,0,0
688347,科技,0,0
001365,制造,0,0
001393,公用事业,0,0
300860,消费,0,0
688235,消费,0,0
600400,消费,0,0
000928,公用事业,0,0
688635,科技,0,0
603407,周期资源,0,0
301531,周期资源,0,3
300817,制造,0,0
300152,公用事业,0,0
688216,科技,0,4
002863,制造,0,0
600166,制造,0,0
600085,消费,0,0
689009,制造,0,0
688820,科技,4,0
688819,科技,0,0
688816,制造,0,0
688811,周期资源,3,0
688805,消费,0,0
688802,科技,0,0
688793,制造,0,0
688789,制造,0,0
688776,科技,0,0
688772,科技,0,0
688750,周期资源,0,0
688737,制造,0,0
688733,科技,0,4
688728,科技,0,0
688721,科技,0,0
688711,科技,0,0
688710,消费,0,0
688709,科技,0,0
688699,科技,0,4
688696,制造,0,0
688693,科技,0,0
688681,公用事业,0,3
688679,公用事业,0,0
688678,科技,4,0
688671,公用事业,0,0
688667,制造,0,0
688665,制造,0,0
688658,消费,0,0
688651,科技,0,0
688630,制造,0,0
688627,制造,0,0
688625,周期资源,0,0
688622,制造,0,0
688618,科技,0,0
688615,科技,0,0
688611,公用事业,0,0
688608,科技,0,0
688605,科技,0,0
688601,科技,0,0
688599,科技,0,4
688595,科技,0,0
688590,科技,0,0
688586,科技,0,0
688585,周期资源,0,0
688584,科技,0,0
688579,科技,0,0
688576,消费,0,0
688573,科技,0,0
688570,制造,0,0
688567,科技,0,0
688562,科技,0,0
688561,科技,0,0
688559,制造,0,0
688558,制造,0,3
688557,制造,0,0
688556,科技,0,0
688529,制造,0,0
688521,科技,0,0
688520,消费,0,0
688518,制造,0,4
688511,科技,0,0
688505,消费,0,0
688502,科技,0,0
688500,科技,0,0
688499,科技,0,4
688489,科技,0,0
688488,消费,0,0
688484,科技,0,0
688478,科技,0,0
688458,科技,4,3
688443,消费,0,0
688439,科技,0,0
688426,消费,0,0
688418,科技,0,0
688410,消费,0,0
688409,科技,0,4
688408,科技,0,0
688403,科技,0,0
688401,科技,0,0
688399,消费,0,0
688391,科技,0,4
688386,周期资源,0,0
688385,科技,0,0
688379,制造,0,0
688375,科技,0,0
688371,科技,0,0
688360,制造,0,0
688357,周期资源,0,0
688353,科技,0,0
688351,消费,0,0
688348,科技,0,4
688343,科技,0,0
688339,科技,0,0
688333,制造,0,0
688330,公用事业,0,0
688325,科技,0,0
688323,周期资源,0,0
688321,消费,0,0
688319,消费,0,0
688318,科技,0,0
688317,消费,0,0
688316,科技,0,0
688307,科技,0,4
688306,制造,0,0
688305,制造,0,0
688303,科技,0,0
688293,消费,0,0
688289,消费,0,0
688286,科技,0,0
688282,科技,0,0
688275,科技,0,0
688272,科技,0,0
688265,消费,0,0
688261,科技,0,0
688257,制造,0,0
688256,科技,0,0
688248,公用事业,0,0
688247,消费,0,0
688239,科技,0,4
688237,科技,0,4
688236,消费,0,0
688223,科技,0,0
688220,科技,0,4
688219,周期资源,0,3
688218,制造,0,0
688213,科技,0,0
688212,消费,0,0
688211,制造,0,0
688206,科技,0,0
688202,消费,0,0
688192,消费,0,0
688190,周期资源,0,0
688189,消费,0,0
688188,科技,0,0
688182,科技,0,0
688176,消费,0,0
688173,科技,0,0
688171,科技,0,0
688166,消费,0,0
688165,制造,0,0
688161,消费,0,0
688159,科技,0,0
688155,科技,0,4
688152,科技,0,0
688150,科技,0,0
688141,科技,0,0
688139,消费,0,0
688133,周期资源,0,0
688131,消费,0,0
688129,周期资源,0,0
688127,科技,0,0
688126,科技,0,0
688116,科技,0,0
688110,科技,0,0
688106,科技,0,0
688092,制造,0,0
688079,科技,0,0
688076,消费,0,0
688075,消费,0,0
688073,消费,0,0
688071,制造,0,0
688070,科技,0,0
688066,科技,0,3
688065,周期资源,0,0
688061,科技,0,3
688057,公用事业,0,0
688053,科技,0,0
688051,科技,0,0
688037,科技,0,0
688033,制造,0,0
688032,科技,0,0
688031,科技,0,0
688026,消费,0,0
688025,制造,0,0
688022,制造,0,0
688021,制造,0,0
688020,科技,0,0
688016,消费,0,0
688009,制造,0,3
688007,科技,0,0
688006,科技,0,0
688005,科技,0,0
688001,制造,0,0
605588,科技,0,0
605566,周期资源,0,3
605499,消费,0,0
605399,周期资源,0,0
605366,周期资源,0,0
605303,公用事业,0,0
605288,制造,0,0
605287,公用事业,0,0
605286,制造,0,0
605259,制造,0,0
605198,消费,0,0
605189,制造,0,3
605177,消费,0,0
605158,周期资源,0,0
605155,制造,0,3
605128,制造,0,0
605123,科技,0,4
605122,周期资源,0,3
605117,科技,0,0
605108,消费,0,0
605081,公用事业,0,0
605077,周期资源,0,0
605069,公用事业,0,0
605068,制造,0,0
605056,制造,0,0
605050,公用事业,0,0
605033,周期资源,0,0
605016,周期资源,0,0
605008,周期资源,0,0
605006,周期资源,0,4
603997,制造,0,0
603989,科技,0,0
603988,制造,0,0
603986,科技,0,0
603983,消费,0,0
603980,周期资源,3,3
603978,周期资源,0,3
603968,周期资源,0,0
603959,公用事业,0,0
603955,公用事业,0,0
603950,制造,0,0
603929,公用事业,0,0
603927,科技,0,0
603918,科技,0,0
603917,制造,0,0
603912,制造,0,0
603906,科技,0,0
603903,公用事业,0,0
603900,消费,0,0
603898,制造,0,0
603887,科技,0,0
603885,公用事业,0,0
603880,消费,0,0
603879,周期资源,0,0
603876,周期资源,0,4
603863,制造,0,0
603860,公用事业,0,0
603859,科技,0,0
603843,公用事业,0,0
603833,制造,0,0
603829,公用事业,0,0
603828,公用事业,0,0
603825,消费,0,0
603823,周期资源,0,0
603822,周期资源,0,0
603818,制造,0,0
603816,制造,0,0
603815,公用事业,0,0
603813,公用事业,0,0
603809,制造,0,0
603808,消费,0,0
603801,制造,0,0
603800,制造,0,0
603789,制造,0,0
603778,科技,0,0
603759,公用事业,0,0
603738,科技,0,0
603733,制造,0,0
603730,制造,0,0
603729,消费,0,0
603726,制造,0,0
603721,消费,0,0
603718,消费,0,0
603717,公用事业,0,0
603712,科技,0,0
603711,消费,0,0
603707,消费,0,0
603699,制造,0,0
603698,制造,0,0
603696,消费,0,0
603690,科技,0,0
603689,公用事业,0,0
603687,制造,0,0
603667,制造,0,0
603666,制造,0,0
603665,消费,0,0
603661,制造,0,0
603637,公用事业,0,0
603636,科技,0,0
603628,科技,0,0
603619,周期资源,0,0
603602,消费,0,0
603598,消费,0,0
603580,周期资源,0,0
603577,公用事业,0,0
603569,公用事业,0,3
603567,消费,0,0
603565,公用事业,0,0
603557,消费,0,0
603556,公用事业,0,0
603535,公用事业,0,0
603533,消费,0,0
603528,科技,0,0
603520,消费,0,0
603507,科技,0,3
603506,金融地产,0,0
603501,科技,0,4
603500,制造,0,0
603499,制造,0,0
603429,制造,0,0
603409,制造,0,3
603398,科技,0,0
603393,公用事业,0,0
603391,制造,0,0
603389,制造,0,0
603387,消费,0,0
603385,制造,0,3
603381,科技,0,0
603378,周期资源,0,0
603377,消费,0,0
603368,消费,0,0
603359,公用事业,0,0
603358,制造,0,0
603357,公用事业,0,3
603356,制造,0,0
603352,制造,0,0
603350,制造,0,0
603344,制造,0,0
603339,制造,0,3
603336,消费,0,0
603333,公用事业,0,3
603326,制造,0,0
603324,公用事业,0,0
603323,金融地产,3,3
603321,制造,0,0
603316,公用事业,0,0
603315,公用事业,0,0
603296,科技,0,4
603290,科技,0,4
603286,制造,0,0
603280,制造,0,0
603278,制造,0,0
603271,周期资源,0,0
603266,制造,0,3
603260,周期资源,0,0
603258,消费,0,0
603237,消费,0,0
603235,周期资源,0,0
603232,科技,0,0
603231,消费,0,0
603222,消费,0,0
603215,制造,0,0
603212,科技,0,4
603211,制造,0,0
603210,制造,0,0
603195,制造,0,0
603192,周期资源,0,4
603191,公用事业,0,0
603190,制造,0,0
603189,科技,0,0
603188,周期资源,0,4
603179,制造,0,0
603177,公用事业,0,0
603175,科技,0,0
603169,制造,0,0
603168,消费,0,0
603167,公用事业,0,0
603166,制造,0,0
603165,制造,0,0
603163,公用事业,0,0
603161,制造,0,3
603159,制造,0,0
603158,制造,0,0
603130,制造,0,0
603128,公用事业,0,3
603127,消费,0,0
603119,制造,0,0
603117,公用事业,0,0
603113,周期资源,0,0
603098,公用事业,0,0
603078,科技,0,0
603070,公用事业,0,0
603059,消费,0,0
603057,消费,0,0
603055,制造,0,0
603052,科技,0,0
603051,周期资源,0,3
603048,制造,0,0
603045,周期资源,0,0
603039,科技,0,0
603030,公用事业,0,3
603027,消费,0,0
603023,制造,0,0
603022,制造,0,0
603021,制造,0,0
603018,公用事业,0,3
603014,消费,0,0
603010,周期资源,0,3
603008,制造,0,0
603007,制造,0,0
603000,消费,0,0
601998,金融地产,3,3
601995,金融地产,0,3
601992,周期资源,0,0
601988,金融地产,3,3
601985,公用事业,0,0
601952,消费,0,0
601939,金融地产,3,3
601928,消费,0,3
601919,公用事业,0,0
601916,金融地产,3,3
601901,金融地产,3,3
601888,消费,0,0
601882,制造,0,0
601881,金融地产,3,3
601869,科技,0,0
601868,公用事业,0,0
601866,公用事业,0,3
601857,周期资源,4,4
601827,公用事业,0,3
601818,金融地产,3,3
601816,公用事业,3,3
601811,消费,0,3
601800,公用事业,0,0
601799,制造,0,0
601788,金融地产,0,3
601766,制造,0,0
601727,科技,0,0
601717,制造,0,0
601700,公用事业,0,0
601698,科技,0,0
601696,金融地产,0,3
601689,制造,0,0
601688,金融地产,3,3
601678,周期资源,3,3
601669,公用事业,0,0
601666,周期资源,0,3
601658,金融地产,3,3
601628,金融地产,0,3
601618,公用事业,3,3
601607,消费,0,0
601588,金融地产,0,0
601528,金融地产,3,3
601515,制造,0,0
601512,金融地产,0,0
601500,制造,3,3
601398,金融地产,3,3
601390,公用事业,0,0
601377,金融地产,3,3
601375,金融地产,1,3
601369,制造,0,0
601360,科技,0,3
601336,金融地产,0,3
601333,公用事业,3,3
601328,金融地产,3,3
601319,金融地产,0,0
601298,公用事业,0,0
601288,金融地产,3,3
601279,制造,0,0
601238,制造,0,0
601236,金融地产,3,3
601222,公用事业,0,3
601198,金融地产,3,3
601188,公用事业,3,3
601187,金融地产,3,3
601186,公用事业,0,0
601166,金融地产,3,3
601162,金融地产,0,0
601156,公用事业,0,3
601155,金融地产,0,0
601127,制造,0,0
601126,公用事业,0,0
601112,周期资源,0,0
601111,公用事业,0,0
601107,公用事业,0,3
601106,制造,0,0
601099,金融地产,0,0
601086,消费,0,0
601083,公用事业,0,0
601069,周期资源,0,0
601066,金融地产,0,3
601059,金融地产,0,3
601021,公用事业,0,0
601019,消费,0,0
601016,公用事业,0,0
601007,消费,0,3
601006,公用事业,3,3
601005,周期资源,3,3
601003,周期资源,0,0
601002,制造,0,3
600999,金融地产,3,3
600996,消费,0,0
600992,制造,0,0
600986,消费,0,0
600984,制造,0,0
600982,公用事业,0,0
600977,消费,0,0
600973,公用事业,0,0
600965,消费,0,0
600962,消费,0,0
600960,制造,3,0
600959,消费,0,3
600958,金融地产,3,3
600939,公用事业,0,0
600935,周期资源,0,3
600933,制造,0,4
600918,金融地产,3,3
600908,金融地产,3,3
600906,金融地产,1,3
600905,公用事业,0,0
600900,公用事业,0,0
600897,公用事业,0,3
600892,消费,0,0
600887,消费,0,0
600886,公用事业,0,0
600885,公用事业,0,0
600884,科技,0,4
600883,消费,0,0
600876,周期资源,0,0
600875,科技,0,4
600868,公用事业,0,0
600866,周期资源,0,0
600865,消费,0,0
600860,制造,0,0
600859,消费,0,0
600857,消费,0,0
600855,科技,0,0
600850,科技,0,0
600847,科技,0,0
600846,公用事业,0,0
600844,周期资源,0,0
600843,制造,0,0
600834,公用事业,0,0
600833,消费,0,0
600831,消费,0,0
600827,消费,3,0
600826,消费,0,3
600825,消费,0,0
600822,制造,0,0
600821,公用事业,0,3
600820,公用事业,0,3
600814,消费,0,0
600810,周期资源,0,0
600809,消费,0,0
600807,消费,0,0
600805,公用事业,0,0
600803,公用事业,0,0
600801,周期资源,0,4
600800,周期资源,0,0
600797,科技,0,0
600793,制造,0,0
600787,公用事业,0,0
600783,制造,0,0
600779,消费,0,0
600775,科技,0,0
600773,金融地产,0,0
600765,科技,3,0
600764,科技,0,0
600756,科技,0,0
600755,公用事业,0,0
600754,消费,0,0
600751,公用事业,0,0
600748,金融地产,0,0
600745,科技,0,0
600743,消费,0,0
600739,消费,0,0
600735,消费,0,0
600730,消费,0,0
600728,科技,0,0
600727,周期资源,4,4
600722,周期资源,0,0
600720,公用事业,0,3
600716,金融地产,0,3
600715,消费,0,0
600713,消费,0,0
600707,科技,0,3
600706,消费,0,0
600697,消费,0,0
600692,金融地产,0,0
600691,周期资源,0,0
600689,公用事业,0,0
600688,周期资源,3,4
600685,科技,4,4
600684,金融地产,0,0
600683,金融地产,0,0
600682,公用事业,0,3
600678,周期资源,0,0
600676,制造,0,0
600671,消费,0,0
600658,金融地产,0,0
600651,制造,0,0
600650,公用事业,0,0
600649,金融地产,0,0
600648,金融地产,0,0
600643,金融地产,0,3
600641,科技,0,0
600639,金融地产,0,0
600637,消费,0,3
600635,公用事业,0,0
600629,公用事业,0,0
600628,消费,0,0
600626,制造,0,0
600624,消费,0,0
600622,金融地产,0,0
600620,公用事业,0,0
600619,制造,0,0
600617,公用事业,0,3
600616,消费,0,0
600611,公用事业,0,3
600609,制造,0,0
600597,消费,0,0
600589,科技,0,0
600587,消费,0,0
600586,周期资源,0,0
600585,周期资源,3,4
600582,制造,0,0
600580,制造,0,0
600577,公用事业,0,0
600576,消费,0,0
600571,科技,0,0
600570,科技,0,0
600569,周期资源,0,0
600568,消费,0,0
600567,制造,0,0
600563,科技,0,0
600557,消费,0,0
600552,科技,0,0
600551,消费,0,0
600547,周期资源,0,0
600543,消费,0,0
600540,消费,0,0
600533,金融地产,0,0
600528,公用事业,0,0
600527,制造,0,3
600526,公用事业,0,3
600521,消费,0,0
600518,消费,0,0
600517,金融地产,0,0
600516,周期资源,3,3
600505,公用事业,0,0
600498,科技,0,0
600491,公用事业,0,0
600482,科技,0,4
600481,科技,0,0
600478,科技,0,0
600477,公用事业,0,3
600469,制造,3,3
600461,公用事业,0,3
600460,科技,0,4
600459,周期资源,0,0
600458,制造,0,3
600448,制造,0,0
600438,科技,0,0
600436,消费,0,0
600425,周期资源,3,0
600423,周期资源,0,0
600420,消费,0,3
600416,制造,0,0
600406,公用事业,0,0
600405,科技,0,0
600403,周期资源,0,0
600398,消费,0,0
600396,公用事业,0,0
600392,周期资源,0,0
600390,金融地产,0,0
600386,制造,0,0
600383,金融地产,0,0
600382,周期资源,0,3
600381,消费,0,0
600378,周期资源,0,4
600377,公用事业,0,0
600376,金融地产,0,0
600373,消费,0,0
600370,周期资源,0,3
600363,科技,0,0
600359,消费,0,0
600358,消费,0,0
600356,制造,3,3
600354,消费,0,0
600353,科技,0,0
600350,公用事业,0,0
600345,科技,0,0
600343,制造,0,0
600340,金融地产,0,0
600337,制造,0,0
600331,周期资源,0,0
600329,消费,0,0
600328,周期资源,0,0
600325,金融地产,0,0
600322,金融地产,0,0
600313,消费,0,0
600308,制造,3,3
600305,消费,0,0
600303,制造,0,0
600302,制造,0,0
600300,消费,0,3
600299,周期资源,0,0
600295,周期资源,3,4
600292,公用事业,0,0
600288,科技,0,0
600284,公用事业,0,0
600281,周期资源,0,0
600272,消费,0,0
600271,科技,0,3
600266,金融地产,0,0
600261,制造,0,0
600252,消费,0,0
600248,公用事业,0,3
600246,金融地产,0,0
600238,消费,0,0
600232,制造,0,0
600231,周期资源,0,0
600230,周期资源,0,4
600229,消费,0,0
600222,消费,0,0
600221,公用事业,0,0
600218,制造,0,0
600215,制造,0,0
600212,科技,0,0
600208,金融地产,0,0
600192,公用事业,0,0
600191,消费,0,0
600187,公用事业,3,0
600177,消费,0,3
600172,制造,0,0
600170,公用事业,0,0
600165,周期资源,0,0
600163,公用事业,0,0
600162,金融地产,0,0
600161,消费,0,0
600159,金融地产,0,0
600155,金融地产,3,3
600152,科技,0,0
600150,科技,4,4
600149,公用事业,0,0
600138,消费,0,0
600137,消费,0,0
600132,消费,0,0
600130,科技,0,0
600129,消费,0,0
600127,消费,0,0
600125,公用事业,3,3
600120,金融地产,0,3
600117,周期资源,0,0
600115,公用事业,0,0
600113,消费,0,0
600108,消费,0,0
600107,消费,0,0
600104,制造,0,3
600103,制造,0,0
600098,公用事业,0,0
600089,公用事业,0,0
600084,消费,0,0
600081,制造,0,3
600079,消费,0,0
600076,制造,0,0
600075,周期资源,0,0
600072,科技,0,0
600071,科技,0,0
600067,公用事业,0,0
600061,金融地产,3,3
600057,公用事业,0,0
600054,消费,0,0
600053,金融地产,0,0
600039,公用事业,0,0
600035,公用事业,3,3
600033,公用事业,3,3
600031,制造,0,4
600029,公用事业,0,0
600020,公用事业,0,3
600019,周期资源,3,3
600018,公用事业,3,3
600016,金融地产,3,3
600015,金融地产,3,3
600009,公用事业,0,0
600008,公用事业,0,3
600007,金融地产,0,0
600004,公用事业,0,0
600000,金融地产,3,3
301487,科技,0,0
301238,科技,0,0
301152,科技,0,4
301087,消费,0,0
301076,周期资源,0,0
301030,公用事业,0,0
300999,消费,0,0
300866,科技,0,0
300813,制造,0,0
300761,消费,0,0
300716,周期资源,0,0
300560,科技,0,0
300534,消费,0,0
300430,制造,0,0
300417,制造,0,0
300396,消费,0,0
300352,科技,0,0
300227,制造,0,0
300167,科技,0,0
300076,科技,0,0
300029,公用事业,0,0
300010,消费,0,0
003027,公用事业,0,0
002999,周期资源,0,3
002989,公用事业,0,0
002981,科技,0,0
002959,制造,0,0
002949,公用事业,0,3
002939,金融地产,3,3
002938,科技,0,4
002933,科技,0,0
002929,科技,0,0
002925,科技,0,0
002907,消费,0,0
002905,消费,0,0
002901,消费,0,0
002898,消费,0,0
002895,周期资源,0,0
002886,周期资源,0,4
002884,制造,0,0
002883,公用事业,0,0
002881,科技,0,0
002878,消费,0,0
002873,消费,0,0
002866,科技,0,0
002840,消费,0,0
002839,金融地产,3,3
002828,周期资源,0,0
002824,周期资源,0,4
002822,金融地产,0,0
002816,制造,0,0
002808,科技,0,0
002785,周期资源,0,0
002779,制造,0,0
002763,消费,0,0
002747,制造,0,0
002743,公用事业,0,0
002738,周期资源,0,0
002737,消费,0,0
002736,金融地产,3,3
002732,消费,0,0
002725,制造,0,0
002723,制造,0,0
002721,消费,0,0
002692,公用事业,0,0
002682,公用事业,0,0
002678,消费,0,0
002677,制造,0,0
002671,周期资源,0,0
002667,制造,0,0
002666,周期资源,0,0
002663,公用事业,0,0
002660,科技,0,0
002656,消费,0,0
002647,金融地产,0,0
002645,公用事业,0,0
002644,消费,0,0
002631,制造,0,0
002630,科技,0,0
002629,周期资源,0,0
002628,公用事业,0,0
002626,消费,0,0
002616,公用事业,0,0
002609,科技,3,3
002605,消费,0,0
002602,消费,0,0
002600,科技,0,0
002599,制造,0,0
002597,周期资源,0,0
002596,周期资源,0,0
002595,制造,0,0
002591,周期资源,0,0
002583,科技,0,0
002573,公用事业,0,0
002572,制造,0,0
002569,消费,0,0
002564,制造,0,0
002559,制造,0,0
002553,制造,0,0
002545,周期资源,0,0
002537,制造,0,0
002533,公用事业,0,0
002531,科技,0,0
002530,制造,0,0
002514,制造,0,0
002513,周期资源,0,0
002510,制造,0,0
002494,消费,0,0
002491,科技,0,0
002489,制造,0,0
002486,消费,0,0
002471,公用事业,0,0
002470,周期资源,0,4
002467,科技,0,0
002462,消费,0,0
002460,周期资源,0,0
002454,制造,0,3
002453,周期资源,0,0
002452,公用事业,0,3
002442,周期资源,0,0
002428,周期资源,0,0
002423,金融地产,0,0
002421,科技,0,0
002403,制造,0,0
002401,科技,0,0
002399,消费,0,0
002386,周期资源,0,3
002374,制造,0,0
002371,科技,0,0
002368,科技,0,0
002365,消费,0,0
002349,消费,0,0
002347,制造,0,0
002345,消费,0,0
002343,消费,0,0
002340,科技,0,0
002329,消费,0,0
002316,科技,0,0
002310,公用事业,0,0
002284,制造,0,0
002279,科技,0,0
002277,消费,0,0
002276,公用事业,0,0
002269,消费,0,0
002263,周期资源,0,0
002249,制造,0,0
002242,制造,3,3
002240,周期资源,0,0
002238,消费,0,0
002235,制造,0,0
002221,周期资源,0,0
002218,公用事业,0,0
002214,科技,0,0
002212,科技,0,4
002209,制造,0,0
002203,周期资源,0,0
002198,消费,0,0
002188,金融地产,0,0
002184,制造,0,0
002181,消费,0,0
002180,科技,0,0
002178,科技,0,0
002173,消费,0,0
002172,消费,0,0
002170,周期资源,0,3
002168,公用事业,0,0
002166,周期资源,3,0
002159,消费,0,0
002156,科技,0,4
002138,科技,0,0
002135,公用事业,0,0
002133,金融地产,0,0
002125,科技,0,0
002114,周期资源,0,0
002109,周期资源,0,0
002103,消费,0,0
002097,制造,0,0
002096,周期资源,0,0
002094,制造,0,0
002082,消费,0,0
002076,制造,0,0
002073,制造,0,0
002068,周期资源,0,0
002065,科技,3,0
002062,公用事业,0,0
002060,公用事业,0,0
002054,周期资源,0,0
002052,制造,0,0
002050,制造,0,0
002044,消费,0,0
002031,制造,0,0
002025,科技,0,0
002021,制造,0,0
002010,公用事业,3,0
002006,制造,0,0
001979,金融地产,0,0
001896,公用事业,0,0
001872,公用事业,0,3
001389,科技,0,0
001380,制造,0,0
001330,消费,0,0
001325,周期资源,0,0
001324,制造,0,3
001316,周期资源,0,0
001311,制造,0,0
001309,科技,0,0
001308,科技,0,4
001289,公用事业,0,0
001278,制造,0,0
001228,公用事业,0,0
001226,制造,0,0
001225,制造,0,0
001219,消费,0,0
001218,周期资源,0,0
001202,公用事业,0,0
000993,公用事业,0,0
000987,金融地产,3,3
000981,制造,0,0
000978,消费,0,0
000977,科技,0,0
000951,制造,0,0
000949,周期资源,0,0
000932,周期资源,3,3
000912,周期资源,0,0
000905,公用事业,0,0
000898,周期资源,3,3
000892,消费,0,0
000890,公用事业,0,0
000889,科技,0,3
000880,制造,0,0
000876,消费,0,0
000859,周期资源,0,0
000858,消费,0,0
000838,金融地产,0,0
000837,制造,0,0
000811,制造,0,0
000800,制造,0,0
000793,消费,0,0
000792,周期资源,0,0
000791,公用事业,0,0
000790,消费,0,0
000783,金融地产,3,3
000782,周期资源,0,0
000759,消费,0,0
000750,金融地产,3,3
000737,周期资源,0,0
000726,制造,3,3
000725,科技,4,3
000722,公用事业,0,3
000718,金融地产,0,3
000713,消费,0,0
000710,消费,0,0
000700,制造,0,0
000691,周期资源,0,0
000685,公用事业,0,3
000681,消费,0,0
000680,制造,0,0
000679,消费,0,0
000678,制造,0,0
000677,周期资源,0,0
000669,公用事业,0,0
000628,公用事业,0,0
000626,公用事业,0,0
000623,消费,0,3
000609,金融地产,0,0
000607,消费,0,0
000576,科技,0,0
000573,金融地产,0,0
000571,周期资源,0,0
000561,科技,0,0
000560,金融地产,0,0
000553,周期资源,3,4
000547,科技,0,0
000546,公用事业,0,0
000543,公用事业,0,0
000539,公用事业,0,0
000538,消费,0,0
000533,公用事业,0,0
000531,公用事业,0,0
000510,周期资源,0,0
000509,科技,0,0
000507,公用事业,0,3
000505,消费,0,0
000501,消费,0,0
000498,公用事业,0,3
000488,制造,0,0
000429,公用事业,0,0
000426,周期资源,0,0
000419,消费,3,0
000401,周期资源,3,4
000338,制造,0,0
000333,制造,0,0
000166,金融地产,3,3
000158,科技,0,0
000155,公用事业,0,0
000100,科技,0,3
000078,消费,0,0
000069,金融地产,0,0
000060,周期资源,0,0
000050,科技,0,0
000048,消费,0,0
000045,科技,0,3
000042,金融地产,0,0
000036,金融地产,0,0
000031,金融地产,0,0
000029,金融地产,0,0
000028,消费,0,0
000027,公用事业,0,3
000014,金融地产,0,0
000009,公用事业,0,0
000008,制造,0,0
000006,金融地产,0,0
000002,金融地产,0,0
688818,科技,0,0
688813,制造,0,0
688808,制造,0,0
688800,科技,0,4
688779,科技,0,0
688775,科技,0,0
688766,科技,0,0
688739,消费,0,0
688729,科技,0,0
688726,科技,0,0
688718,周期资源,0,0
688717,科技,0,4
688716,周期资源,0,0
688701,公用事业,0,0
688698,制造,0,0
688691,科技,0,0
688686,制造,0,0
688685,科技,0,0
688683,科技,0,0
688680,科技,0,4
688652,科技,0,0
688648,制造,0,0
688613,消费,0,0
688598,周期资源,0,0
688588,科技,0,0
688575,消费,0,0
688571,周期资源,3,3
688543,科技,0,0
688538,科技,0,0
688533,制造,0,0
688531,制造,0,0
688512,科技,0,0
688509,科技,0,0
688503,科技,0,0
688496,科技,0,0
688480,公用事业,0,0
688468,消费,0,0
688459,制造,0,0
688435,科技,0,0
688433,制造,0,0
688432,科技,0,0
688429,科技,0,0
688425,制造,0,0
688420,制造,0,3
688411,科技,0,0
688400,制造,0,0
688393,消费,0,0
688390,科技,0,0
688382,消费,0,0
688373,消费,0,0
688372,科技,0,4
688361,科技,0,0
688356,消费,0,0
688332,科技,0,4
688331,消费,0,0
688320,制造,0,0
688314,消费,0,0
688310,制造,0,0
688298,消费,0,0
688296,科技,0,0
688295,周期资源,0,0
688292,科技,0,0
688288,科技,0,0
688280,制造,0,0
688279,科技,0,0
688278,消费,0,0
688277,消费,0,0
688271,消费,0,0
688268,科技,0,0
688266,消费,0,0
688246,科技,0,0
688244,科技,0,0
688234,科技,0,0
688232,科技,0,0
688226,公用事业,0,0
688222,消费,0,0
688210,科技,0,0
688200,科技,0,0
688193,消费,0,0
688191,公用事业,0,0
688185,消费,0,0
688183,科技,0,0
688178,公用事业,0,0
688172,科技,0,0
688167,科技,0,0
688162,制造,0,0
688147,科技,0,0
688143,科技,0,0
688137,消费,0,0
688136,消费,0,0
688135,科技,0,0
688132,科技,0,0
688130,科技,0,0
688122,科技,0,0
688119,周期资源,0,0
688108,消费,0,0
688107,科技,0,0
688101,公用事业,0,3
688100,科技,0,0
688099,科技,0,0
688096,公用事业,0,0
688095,科技,0,0
688069,公用事业,0,0
688067,消费,0,0
688062,消费,0,0
688056,制造,0,0
688049,科技,0,0
688047,科技,0,0
688039,科技,0,0
688038,科技,0,0
688028,制造,0,0
688019,科技,0,0
688013,消费,0,0
605599,消费,0,0
605580,公用事业,0,0
605577,消费,0,0
605398,科技,0,0
605389,制造,0,0
605388,消费,0,0
605377,制造,3,3
605376,周期资源,0,0
605336,制造,0,0
605298,制造,0,0
605277,科技,0,0
605268,制造,0,0
605222,公用事业,0,0
605199,消费,0,0
605186,制造,0,0
605180,制造,0,0
605178,公用事业,0,0
605167,公用事业,0,0
605133,制造,0,0
605118,科技,0,0
605099,制造,0,0
605028,公用事业,0,0
603990,科技,0,0
603985,科技,0,4
603977,周期资源,0,0
603937,周期资源,0,0
603933,科技,0,0
603928,周期资源,0,3
603926,制造,0,0
603922,制造,0,0
603920,科技,0,0
603899,消费,0,0
603896,消费,0,0
603888,消费,0,0
603868,制造,0,0
603866,消费,0,3
603855,制造,0,0
603839,消费,0,0
603838,制造,0,0
603819,制造,0,0
603803,科技,0,0
603797,公用事业,3,3
603788,制造,0,0
603779,消费,0,0
603777,消费,0,0
603757,制造,0,0
603719,消费,0,0
603716,消费,0,0
603713,公用事业,0,0
603701,制造,0,0
603700,制造,0,0
603683,周期资源,0,0
603678,科技,0,0
603669,消费,0,0
603660,科技,0,0
603639,周期资源,3,4
603615,制造,0,0
603611,制造,0,0
603596,制造,0,0
603587,消费,0,0
603578,制造,0,0
603559,科技,0,0
603536,消费,0,0
603516,科技,0,0
603508,科技,0,0
603505,周期资源,0,0
603496,科技,0,0
603489,制造,0,0
603458,公用事业,0,0
603421,科技,0,0
603418,制造,0,0
603373,消费,0,0
603369,消费,0,0
603367,消费,3,3
603355,制造,0,0
603348,制造,0,0
603345,消费,0,0
603341,科技,0,0
603337,制造,0,0
603334,周期资源,0,0
603331,制造,0,0
603329,公用事业,0,0
603328,科技,0,0
603313,制造,0,0
603311,制造,0,0
603307,消费,0,0
603306,制造,0,0
603305,制造,3,3
603289,制造,0,0
603285,周期资源,0,0
603284,制造,0,0
603282,公用事业,0,0
603279,制造,0,3
603270,制造,0,0
603269,制造,0,0
603267,科技,0,0
603255,周期资源,0,3
603239,制造,0,0
603229,消费,0,0
603225,周期资源,0,3
603221,制造,0,0
603219,制造,0,0
603213,周期资源,0,0
603201,制造,0,3
603200,公用事业,0,0
603187,制造,0,3
603185,科技,0,0
603180,制造,0,0
603172,周期资源,0,0
603155,周期资源,0,0
603150,周期资源,0,0
603131,制造,0,0
603126,公用事业,0,3
603124,周期资源,0,0
603109,制造,0,0
603108,消费,0,0
603100,制造,0,0
603099,消费,0,0
603096,消费,0,0
603089,制造,0,0
603088,制造,0,0
603085,制造,0,0
603076,制造,0,0
603069,公用事业,0,0
603068,科技,0,4
603067,周期资源,0,0
603065,周期资源,0,3
603050,公用事业,0,0
603043,消费,0,0
603040,制造,0,0
603036,制造,0,0
603033,周期资源,0,0
603031,科技,0,4
603029,制造,0,0
603026,科技,0,0
603020,周期资源,0,3
603017,公用事业,0,0
603015,制造,0,0
603013,制造,0,0
603011,制造,0,0
603009,制造,0,0
603005,科技,0,0
603002,科技,0,0
601999,消费,0,0
601991,公用事业,0,0
601963,金融地产,3,3
601958,周期资源,0,0
601929,消费,0,0
601921,消费,0,3
601908,公用事业,0,0
601886,公用事业,0,0
601880,公用事业,3,3
601858,消费,0,0
601801,消费,0,0
601778,公用事业,0,0
601718,消费,0,0
601686,周期资源,0,3
601668,公用事业,0,0
601619,公用事业,0,0
601615,科技,0,0
601601,金融地产,0,3
601599,制造,0,0
601598,公用事业,0,3
601577,金融地产,3,3
601555,金融地产,3,3
601388,周期资源,0,3
601368,公用事业,0,0
601366,消费,0,0
601326,公用事业,3,3
601318,金融地产,0,3
601233,周期资源,0,0
601231,科技,0,0
601228,公用事业,0,0
601226,公用事业,0,0
601200,公用事业,0,0
601199,公用事业,0,3
601168,周期资源,0,4
601163,制造,3,3
601158,公用事业,3,3
601139,公用事业,0,0
601138,科技,0,0
601136,金融地产,0,0
601133,公用事业,0,0
601118,消费,0,0
601096,公用事业,0,0
601077,金融地产,3,3
601068,公用事业,0,0
601065,周期资源,0,0
601038,制造,0,0
601033,公用事业,0,3
601020,周期资源,0,0
601018,公用事业,3,3
601012,科技,0,0
601010,消费,3,0
601000,公用事业,3,3
600995,公用事业,0,0
600990,科技,0,0
600985,周期资源,0,3
600975,消费,0,0
600970,公用事业,0,0
600968,周期资源,0,0
600956,公用事业,0,0
600919,金融地产,3,3
600916,消费,0,0
600909,金融地产,3,3
600894,制造,0,3
600881,公用事业,0,0
600879,科技,0,0
600877,科技,0,0
600871,周期资源,0,3
600867,消费,0,0
600854,金融地产,0,0
600851,消费,0,0
600848,金融地产,0,0
600838,消费,0,0
600817,公用事业,0,0
600816,金融地产,0,3
600815,制造,0,0
600796,公用事业,0,0
600795,公用事业,0,0
600790,消费,0,0
600778,消费,0,0
600774,消费,0,0
600760,科技,0,0
600758,周期资源,0,0
600757,消费,3,3
600753,公用事业,0,0
600749,消费,0,0
600741,制造,0,0
600738,消费,0,0
600736,金融地产,0,0
600734,科技,0,0
600729,消费,0,0
600724,金融地产,0,0
600718,科技,0,0
600717,公用事业,0,3
600714,周期资源,0,0
600712,消费,0,0
600708,金融地产,0,0
600686,制造,0,0
600681,公用事业,3,0
600679,制造,0,0
600668,周期资源,0,0
600666,科技,0,0
600657,金融地产,0,0
600654,科技,0,0
600633,消费,0,0
600630,消费,0,0
600618,周期资源,0,0
600613,消费,0,0
600606,金融地产,0,0
600605,消费,0,0
600598,消费,0,0
600596,周期资源,0,0
600593,消费,0,0
600590,科技,0,0
600584,科技,0,4
600579,制造,0,0
600561,公用事业,0,0
600560,制造,0,0
600556,消费,0,0
600548,公用事业,3,3
600545,制造,0,0
600538,消费,0,0
600531,周期资源,0,3
600530,消费,0,0
600525,公用事业,0,0
600512,公用事业,0,3
600503,金融地产,0,0
600500,周期资源,0,0
600497,周期资源,0,0
600496,公用事业,3,3
600495,制造,3,0
600489,周期资源,0,0
600479,消费,0,0
600475,公用事业,0,0
600468,公用事业,0,0
600463,金融地产,0,0
600455,科技,0,0
600452,公用事业,0,0
600444,制造,0,0
600439,消费,0,0
600428,公用事业,0,0
600418,制造,0,0
600395,周期资源,0,4
600369,金融地产,3,3
600362,周期资源,0,0
600336,制造,0,0
600327,消费,0,0
600326,周期资源,0,0
600323,公用事业,0,0
600283,公用事业,0,0
600280,消费,0,0
600279,公用事业,3,3
600262,制造,0,0
600259,周期资源,0,0
600258,消费,0,0
600255,周期资源,0,3
600249,消费,0,0
600239,金融地产,0,0
600234,公用事业,0,0
600217,公用事业,0,0
600211,消费,0,0
600210,制造,0,0
600207,科技,0,0
600199,消费,0,0
600196,消费,0,0
600189,消费,0,0
600188,周期资源,0,4
600183,科技,0,0
600180,公用事业,0,0
600168,公用事业,0,3
600167,公用事业,0,0
600160,周期资源,0,0
600151,科技,0,0
600141,周期资源,0,0
600135,周期资源,0,0
600111,周期资源,0,0
600101,公用事业,0,0
600100,科技,0,0
600088,消费,0,0
600082,金融地产,0,0
600080,消费,0,0
600073,消费,0,0
600060,制造,0,0
600056,消费,0,0
600037,消费,3,3
600036,金融地产,3,3
600028,周期资源,4,4
600027,公用事业,0,0
600025,公用事业,0,3
600017,公用事业,3,3
600012,公用事业,0,0
600011,公用事业,0,0
600010,周期资源,0,0
600006,制造,0,0
302132,科技,0,0
301696,科技,0,3
301687,周期资源,0,0
301683,周期资源,0,0
301668,公用事业,0,0
301667,制造,0,0
301666,科技,0,0
301662,科技,0,0
301658,科技,0,0
301638,科技,0,0
301636,科技,0,0
301633,制造,0,0
301631,制造,0,0
301618,周期资源,0,0
301602,消费,0,0
301600,科技,0,0
301599,制造,0,0
301590,科技,0,0
301588,制造,0,0
301586,科技,0,0
301585,周期资源,0,0
301580,消费,0,0
301568,制造,0,0
301565,周期资源,0,0
301560,制造,0,0
301522,周期资源,0,0
301510,制造,0,0
301503,科技,0,0
301502,制造,0,0
301499,制造,0,0
301486,科技,0,0
301398,制造,0,0
301396,科技,0,0
301391,科技,0,4
301383,科技,0,0
301380,科技,0,0
301376,制造,0,0
301370,消费,0,0
301365,公用事业,0,0
301362,制造,0,0
301356,制造,0,0
301355,制造,0,0
301353,制造,0,3
301345,制造,0,0
301336,制造,0,0
301330,科技,0,0
301329,科技,4,4
301326,科技,0,0
301325,科技,0,0
301320,制造,0,0
301317,制造,0,0
301316,科技,0,0
301313,消费,0,0
301312,制造,0,0
301300,周期资源,0,0
301297,科技,0,0
301295,公用事业,0,0
301293,消费,0,0
301291,公用事业,0,0
301286,周期资源,0,0
301283,周期资源,4,4
301280,制造,0,0
301278,科技,0,0
301260,制造,0,0
301259,公用事业,0,0
301257,消费,0,0
301246,消费,0,0
301231,消费,0,0
301230,消费,0,0
301227,制造,0,0
301220,周期资源,0,0
301215,制造,0,0
301210,科技,0,4
301206,周期资源,0,3
301205,科技,0,0
301199,制造,0,0
301196,周期资源,0,0
301185,科技,0,0
301179,公用事业,0,0
301175,公用事业,0,3
301168,科技,0,0
301155,科技,0,0
301149,周期资源,0,0
301139,科技,0,0
301133,制造,0,0
301132,科技,0,0
301131,周期资源,0,0
301130,消费,0,0
301123,科技,0,4
301122,消费,0,0
301112,制造,0,0
301105,制造,0,0
301092,周期资源,0,3
301085,科技,0,0
301075,消费,0,0
301073,消费,0,0
301067,科技,0,0
301062,制造,0,0
301061,制造,0,0
301060,消费,0,0
301053,制造,0,0
301051,科技,0,4
301048,制造,0,0
301047,消费,0,0
301043,制造,0,0
301038,公用事业,0,0
301026,周期资源,0,4
301024,公用事业,0,0
301019,周期资源,0,0
301018,制造,0,0
301017,消费,0,0
301016,制造,0,0
301015,消费,0,0
301007,制造,0,0
301006,制造,0,0
301004,制造,0,0
300998,制造,0,0
300994,制造,0,0
300992,制造,0,0
300985,制造,0,0
300984,制造,0,0
300982,公用事业,0,0
300980,周期资源,0,0
300979,制造,0,0
300972,消费,0,0
300969,制造,0,0
300966,消费,0,0
300965,科技,0,0
300964,科技,0,0
300962,消费,0,0
300961,公用事业,0,0
300959,科技,0,0
300953,科技,0,0
300949,公用事业,0,0
300948,公用事业,0,0
300947,消费,0,0
300940,科技,0,0
300937,消费,0,0
300933,公用事业,0,3
300923,制造,0,0
300919,科技,0,4
300915,消费,0,0
300911,制造,0,0
300909,科技,0,4
300904,科技,0,0
300900,科技,0,0
300892,消费,0,0
300891,周期资源,0,0
300885,制造,0,0
300881,周期资源,0,0
300878,消费,0,0
300872,科技,0,0
300861,制造,0,3
300853,公用事业,0,0
300850,科技,0,0
300844,公用事业,0,0
300842,科技,0,0
300838,制造,0,0
300834,周期资源,0,0
300830,科技,0,0
300825,制造,0,0
300815,公用事业,0,0
300814,科技,0,0
300793,科技,0,0
300789,科技,0,0
300783,消费,0,0
300781,消费,0,0
300779,公用事业,0,0
300778,公用事业,0,0
300774,公用事业,0,0
300771,科技,3,4
300770,消费,0,0
300769,科技,0,4
300766,科技,0,0
300760,消费,0,0
300759,消费,0,0
300757,制造,0,0
300748,周期资源,0,0
300745,制造,0,0
300741,周期资源,3,3
300738,科技,0,0
300731,周期资源,0,0
300720,制造,0,0
300719,科技,0,0
300715,周期资源,0,4
300711,科技,0,0
300701,科技,0,0
300687,科技,0,0
300686,科技,0,0
300684,科技,0,0
300674,科技,0,0
300672,科技,0,0
300666,科技,0,0
300660,制造,0,0
300657,科技,0,0
300656,科技,0,0
300652,制造,0,0
300647,科技,0,0
300645,科技,0,0
300639,消费,0,0
300637,周期资源,0,0
300636,消费,0,0
300635,公用事业,0,0
300634,科技,0,0
300633,消费,0,0
300626,制造,0,0
300617,公用事业,0,0
300616,制造,0,0
300614,公用事业,0,0
300606,制造,0,0
300605,科技,0,0
300598,科技,0,0
300597,科技,0,0
300594,制造,0,0
300588,科技,0,0
300581,科技,0,0
300571,科技,0,0
300566,科技,0,0
300555,科技,0,0
300554,制造,0,0
300548,科技,0,0
300547,制造,0,0
300542,科技,0,0
300540,制造,0,0
300539,周期资源,0,0
300537,科技,0,0
300536,公用事业,0,0
300533,消费,0,0
300530,周期资源,0,0
300527,科技,0,0
300525,科技,0,0
300521,制造,0,0
300513,科技,0,0
300512,制造,0,0
300500,公用事业,0,3
300492,公用事业,0,0
300485,消费,0,0
300477,科技,0,3
300476,科技,0,0
300473,制造,0,0
300469,科技,0,0
300468,科技,0,0
300463,消费,0,0
300461,制造,0,0
300460,科技,0,0
300459,消费,0,0
300451,科技,0,0
300450,科技,0,4
300439,消费,0,0
300438,科技,0,3
300436,消费,0,0
300432,科技,0,0
300429,科技,0,0
300428,制造,0,0
300421,制造,0,0
300418,消费,0,0
300410,科技,0,0
300405,周期资源,0,0
300400,制造,0,0
300383,科技,0,0
300382,制造,0,0
300381,消费,0,0
300380,科技,0,0
300378,科技,0,0
300376,科技,0,0
300375,制造,0,0
300369,科技,0,0
300366,科技,0,0
300359,消费,0,0
300347,消费,0,0
300341,公用事业,0,0
300323,科技,0,0
300307,制造,0,0
300304,制造,0,0
300301,科技,0,3
300299,消费,0,0
300272,制造,0,0
300261,周期资源,0,0
300256,科技,0,0
300255,消费,0,0
300250,科技,0,0
300241,科技,0,0
300238,消费,0,0
300236,科技,0,0
300223,科技,0,4
300220,消费,0,0
300219,科技,0,0
300212,科技,0,0
300209,科技,0,0
300203,制造,0,0
300199,消费,0,0
300197,公用事业,0,0
300192,消费,0,0
300190,公用事业,3,3
300176,制造,0,0
300171,消费,0,0
300168,科技,0,0
300162,科技,0,0
300161,制造,0,0
300159,制造,0,0
300157,制造,0,0
300149,消费,0,0
300147,消费,0,0
300132,消费,0,0
300131,科技,0,0
300130,科技,0,0
300128,科技,0,0
300123,科技,0,0
300120,科技,0,0
300113,消费,0,0
300101,科技,0,0
300100,制造,0,0
300098,科技,0,3
300095,制造,0,3
300086,消费,0,0
300084,制造,0,0
300081,科技,0,0
300074,科技,0,0
300071,消费,0,0
300069,公用事业,0,0
300068,科技,0,0
300063,消费,0,0
300056,公用事业,0,0
300052,科技,0,0
300051,科技,0,0
300042,科技,0,0
300041,周期资源,3,3
300040,公用事业,0,0
300035,科技,0,0
300032,科技,0,0
300031,消费,0,0
300027,消费,0,0
300026,消费,0,0
300016,消费,0,0
300007,制造,0,0
300005,消费,0,0
003816,公用事业,0,0
003043,科技,0,0
003042,周期资源,0,0
003037,周期资源,0,0
003035,公用事业,0,0
003031,科技,0,0
003026,科技,0,4
003025,制造,0,0
003019,科技,0,0
003018,制造,0,0
003012,制造,0,3
003011,制造,0,0
003007,科技,0,4
003005,科技,0,0
003003,制造,0,0
003002,周期资源,0,0
003001,公用事业,0,0
002995,消费,0,0
002992,科技,0,0
002990,科技,0,0
002985,科技,0,0
002984,制造,0,3
002973,公用事业,0,0
002966,金融地产,3,3
002965,制造,0,0
002962,科技,0,0
002958,金融地产,3,3
002956,消费,0,0
002948,金融地产,3,3
002943,制造,0,0
002940,消费,0,0
002936,金融地产,3,3
002932,消费,0,0
002930,公用事业,0,0
002927,公用事业,0,0
002922,科技,0,0
002913,科技,0,4
002910,消费,0,0
002909,周期资源,0,0
002903,制造,0,0
002899,消费,0,0
002897,科技,0,4
002893,公用事业,0,0
002890,制造,0,0
002887,公用事业,0,0
002875,消费,0,0
002872,消费,0,0
002871,制造,0,0
002867,消费,0,0
002857,公用事业,0,0
002856,公用事业,0,0
002853,制造,0,0
002851,科技,0,0
002847,消费,0,0
002832,消费,0,0
002820,消费,0,0
002818,消费,0,0
002815,科技,0,0
002813,制造,0,0
002807,金融地产,3,3
002806,制造,0,0
002805,科技,0,0
002801,制造,0,0
002798,制造,0,0
002797,金融地产,0,3
002795,制造,0,0
002791,周期资源,0,0
002789,公用事业,0,0
002786,制造,0,0
002780,消费,0,0
002771,科技,0,0
002768,周期资源,0,4
002765,制造,0,0
002761,公用事业,0,0
002759,科技,0,0
002755,消费,0,0
002753,周期资源,3,0
002748,周期资源,0,4
002727,消费,0,0
002726,消费,0,0
002724,制造,0,0
002717,公用事业,0,0
002715,制造,0,0
002708,制造,0,0
002705,制造,0,3
002701,制造,0,0
002694,周期资源,0,4
002693,消费,0,0
002691,制造,0,0
002689,制造,0,0
002687,消费,0,0
002685,制造,0,0
002681,科技,0,0
002670,金融地产,0,0
002662,制造,0,0
002661,消费,0,0
002657,科技,0,0
002654,科技,0,0
002649,科技,0,0
002642,科技,0,0
002641,周期资源,3,3
002638,制造,0,0
002636,科技,0,0
002634,消费,0,0
002623,科技,0,4
002622,消费,0,0
002620,公用事业,0,0
002617,公用事业,0,0
002613,周期资源,0,3
002612,消费,0,0
002607,消费,0,0
002598,制造,0,0
002594,制造,0,0
002592,制造,0,0
002586,公用事业,0,0
002584,科技,0,0
002582,消费,0,0
002581,消费,0,0
002568,消费,0,0
002563,消费,0,0
002547,制造,0,0
002541,公用事业,0,0
002539,周期资源,0,4
002538,周期资源,4,3
002535,制造,0,0
002532,周期资源,0,3
002528,科技,0,0
002526,制造,0,0
002522,周期资源,3,3
002520,制造,0,0
002517,消费,0,0
002512,科技,0,0
002508,制造,0,0
002506,科技,0,0
002501,周期资源,0,0
002498,公用事业,0,0
002495,消费,0,3
002485,消费,0,0
002480,公用事业,0,0
002475,科技,0,0
002459,科技,0,4
002455,周期资源,0,0
002444,制造,0,0
002440,周期资源,3,4
002439,科技,0,0
002432,消费,0,0
002427,周期资源,0,0
002422,消费,0,0
002418,制造,0,0
002405,科技,0,0
002400,消费,0,0
002398,周期资源,0,0
002390,消费,0,0
002387,科技,0,0
002382,消费,0,0
002377,周期资源,0,0
002363,制造,0,0
002358,公用事业,0,3
002357,公用事业,0,0
002356,消费,0,0
002355,制造,0,0
002354,消费,0,0
002352,公用事业,0,0
002350,公用事业,0,0
002348,消费,0,0
002346,公用事业,0,0
002344,消费,0,0
002339,公用事业,0,0
002323,公用事业,0,0
002317,消费,0,0
002314,金融地产,0,0
002300,公用事业,0,0
002291,消费,0,0
002290,制造,0,0
002289,科技,0,0
002275,消费,0,0
002266,公用事业,0,0
002252,消费,0,0
002247,周期资源,0,0
002230,科技,0,0
002224,周期资源,0,3
002222,科技,0,0
002194,科技,0,0
002193,消费,0,0
002185,科技,0,3
002182,周期资源,0,0
002176,制造,0,0
002175,制造,0,0
002174,消费,0,0
002164,制造,0,0
002161,科技,0,0
002157,消费,0,0
002148,科技,0,3
002146,金融地产,0,0
002145,周期资源,3,3
002141,科技,0,0
002140,公用事业,0,0
002132,制造,3,3
002131,制造,0,0
002124,消费,0,0
002123,科技,0,0
002111,科技,4,4
002110,周期资源,3,3
002105,制造,0,0
002102,消费,0,0
002099,消费,0,0
002095,消费,0,0
002093,消费,0,0
002090,公用事业,0,3
002088,周期资源,3,0
002086,消费,0,0
002085,制造,0,0
002084,制造,0,0
002081,公用事业,3,3
002079,科技,0,0
002078,制造,0,0
002077,科技,0,0
002074,科技,0,0
002067,制造,0,0
002058,制造,0,0
002055,科技,0,0
002053,公用事业,0,0
002043,周期资源,0,0
002042,制造,0,0
002038,消费,0,0
002037,周期资源,0,0
002027,消费,0,0
002011,制造,0,0
002001,周期资源,0,0
001914,金融地产,0,0
001391,公用事业,0,0
001386,制造,0,0
001368,消费,0,0
001359,周期资源,0,0
001336,公用事业,0,0
001335,周期资源,0,0
001331,公用事业,0,0
001326,制造,0,0
001323,制造,0,0
001322,制造,0,0
001312,制造,0,0
001296,周期资源,0,3
001282,制造,0,0
001280,周期资源,0,0
001256,制造,0,0
001255,周期资源,0,0
001238,消费,0,0
001236,金融地产,0,0
001233,制造,0,0
001223,制造,0,0
001220,公用事业,0,0
001216,制造,0,3
001213,公用事业,3,0
001209,消费,0,0
000998,消费,0,0
000983,周期资源,3,4
000980,制造,0,0
000973,周期资源,0,0
000965,金融地产,0,0
000938,科技,0,0
000937,周期资源,0,0
000936,周期资源,0,3
000935,金融地产,0,0
000926,金融地产,0,0
000925,制造,0,0
000923,周期资源,0,0
000921,制造,0,0
000911,消费,0,0
000910,制造,0,3
000908,消费,0,0
000901,制造,0,0
000900,公用事业,0,3
000897,金融地产,0,0
000895,消费,0,0
000887,制造,0,4
000886,公用事业,0,0
000883,公用事业,3,3
000882,消费,0,0
000860,消费,0,0
000830,周期资源,0,3
000826,公用事业,0,0
000820,公用事业,0,0
000818,周期资源,0,0
000803,公用事业,0,0
000799,消费,0,0
000796,消费,0,0
000786,周期资源,0,0
000785,消费,0,0
000768,科技,0,0
000756,消费,0,0
000733,科技,0,0
000720,公用事业,0,0
000712,金融地产,0,0
000709,周期资源,3,4
000707,周期资源,0,0
000705,消费,0,0
000695,科技,0,0
000692,公用事业,0,0
000682,公用事业,0,0
000676,消费,0,0
000665,消费,0,0
000651,制造,0,3
000639,消费,0,0
000637,周期资源,0,0
000636,科技,0,3
000632,公用事业,0,0
000631,公用事业,0,3
000630,周期资源,0,3
000620,金融地产,0,0
000612,周期资源,0,3
000608,金融地产,0,0
000605,公用事业,0,0
000603,周期资源,0,0
000600,公用事业,0,3
000599,制造,0,0
000596,消费,0,0
000591,公用事业,0,0
000589,制造,3,3
000568,消费,0,0
000567,金融地产,0,0
000564,消费,0,0
000557,公用事业,0,0
000551,公用事业,0,3
000544,公用事业,0,3
000520,公用事业,0,0
000517,金融地产,0,0
000504,消费,0,0
000503,科技,0,0
000425,制造,0,3
000420,周期资源,0,4
000417,消费,0,0
000415,金融地产,0,0
000410,制造,0,0
000403,消费,0,0
000402,金融地产,0,3
000301,周期资源,0,0
000159,周期资源,0,0
000157,制造,0,3
000153,消费,3,0
000096,周期资源,0,0
000090,金融地产,0,0
000066,科技,0,0
000062,科技,0,0
000056,金融地产,0,0
000039,制造,0,0
000037,公用事业,0,0
000035,公用事业,0,3
000021,科技,0,0
000017,消费,0,0
000016,制造,0,0
000011,金融地产,0,0
000010,公用事业,0,0
000007,消费,0,0
688807,科技,0,0
688798,科技,0,4
688796,消费,0,0
688790,科技,0,0
688786,周期资源,0,0
688785,科技,0,0
688768,制造,0,0
688765,消费,0,0
688759,消费,0,0
688727,科技,0,0
688708,科技,0,0
688700,制造,0,0
688697,制造,0,0
688695,科技,0,0
688690,消费,0,0
688669,周期资源,0,0
688661,科技,0,0
688656,消费,0,0
688653,科技,0,0
688629,科技,0,0
688623,制造,0,0
688616,公用事业,0,0
688610,制造,0,0
688603,科技,0,0
688592,科技,0,0
688583,制造,0,0
688580,消费,0,0
688577,制造,0,0
688566,消费,0,0
688565,公用事业,0,0
688560,科技,0,4
688549,科技,0,0
688545,科技,0,0
688536,科技,0,0
688535,科技,0,4
688519,科技,0,0
688515,科技,0,0
688507,科技,0,4
688506,消费,0,0
688501,公用事业,0,0
688498,科技,0,0
688485,制造,0,0
688472,科技,0,3
688449,科技,0,0
688388,科技,0,4
688383,制造,0,0
688376,公用事业,0,0
688358,消费,0,0
688334,消费,0,0
688328,制造,0,0
688311,科技,0,0
688300,周期资源,0,0
688299,科技,0,3
688291,科技,0,0
688283,科技,0,0
688281,科技,0,0
688270,科技,0,0
688260,科技,0,0
688258,科技,0,0
688253,消费,0,0
688251,科技,0,0
688238,消费,0,0
688231,周期资源,0,4
688229,科技,0,0
688227,科技,0,0
688225,科技,0,0
688217,消费,0,0
688209,科技,0,0
688205,科技,0,0
688201,科技,0,0
688196,周期资源,0,0
688187,制造,0,0
688180,消费,0,0
688179,周期资源,0,0
688177,消费,0,0
688175,科技,0,0
688170,制造,0,0
688160,制造,0,0
688153,科技,0,0
688128,制造,0,0
688123,科技,0,0
688113,制造,0,0
688103,科技,0,4
688102,周期资源,0,0
688091,消费,0,0
688090,制造,0,0
688087,周期资源,0,4
688085,消费,0,0
688084,科技,0,0
688082,科技,0,0
688078,科技,0,0
688077,周期资源,0,3
688072,科技,0,0
688052,科技,0,4
688036,科技,0,0
688029,消费,0,0
688023,科技,0,0
688015,制造,0,0
688012,科技,0,0
688010,科技,0,0
688008,科技,0,0
688002,科技,0,4
605500,制造,0,0
605488,周期资源,0,0
605378,科技,0,0
605358,科技,0,0
605339,消费,0,0
605337,消费,0,0
605318,周期资源,0,0
605305,制造,0,0
605289,公用事业,0,0
605266,消费,0,0
605258,科技,0,0
605196,公用事业,0,0
605169,公用事业,0,0
605168,消费,0,0
605111,科技,0,0
605100,制造,0,0
605098,消费,0,0
605089,消费,0,0
605080,消费,0,0
605060,制造,0,0
605058,科技,0,4
605055,制造,0,0
605011,公用事业,0,0
605009,消费,0,0
603987,消费,0,0
603979,周期资源,0,0
603969,制造,0,0
603949,制造,0,0
603936,科技,0,0
603916,周期资源,4,4
603915,制造,0,0
603909,公用事业,0,0
603908,消费,0,0
603895,制造,0,0
603890,科技,4,4
603871,公用事业,0,0
603869,科技,0,3
603858,消费,0,0
603810,周期资源,3,3
603806,科技,0,0
603776,制造,0,0
603768,制造,0,3
603728,制造,0,0
603709,制造,0,0
603706,公用事业,0,0
603697,消费,0,0
603681,周期资源,0,4
603680,制造,0,3
603679,科技,0,0
603662,制造,0,0
603657,制造,0,0
603655,制造,0,0
603633,科技,0,0
603630,消费,0,0
603629,科技,0,0
603610,制造,0,0
603607,制造,0,0
603583,制造,0,0
603568,公用事业,0,0
603551,制造,0,0
603530,公用事业,0,0
603519,制造,0,0
603518,消费,0,0
603488,制造,0,0
603459,科技,0,0
603402,消费,0,0
603399,周期资源,0,0
603396,科技,0,4
603395,周期资源,0,0
603392,消费,0,0
603386,科技,0,0
603382,周期资源,0,0
603379,周期资源,0,0
603376,制造,0,0
603370,制造,0,0
603360,周期资源,0,0
603351,消费,0,0
603338,制造,0,0
603335,制造,0,0
603332,周期资源,0,3
603322,科技,0,0
603320,制造,0,0
603317,消费,0,0
603300,金融地产,0,3
603291,公用事业,0,0
603288,消费,0,0
603283,制造,0,0
603276,周期资源,3,4
603273,制造,0,0
603272,制造,0,0
603268,科技,0,0
603262,消费,0,0
603259,消费,0,0
603257,公用事业,0,0
603230,消费,0,0
603220,科技,0,4
603218,科技,0,0
603207,消费,0,0
603206,科技,0,0
603197,制造,0,0
603196,消费,0,0
603194,制造,0,0
603182,消费,0,0
603178,制造,0,0
603137,公用事业,0,0
603135,制造,0,0
603120,周期资源,0,0
603118,科技,0,0
603116,消费,3,0
603110,周期资源,0,0
603107,制造,0,0
603106,科技,0,0
603105,公用事业,0,0
603103,消费,0,0
603101,消费,0,0
603091,制造,0,0
603090,制造,0,0
603083,科技,0,4
603082,制造,0,0
603075,制造,0,0
603073,周期资源,0,0
603072,周期资源,0,0
603062,周期资源,0,0
603058,制造,0,0
603053,公用事业,0,0
603042,科技,0,0
603038,周期资源,0,0
603035,制造,0,0
603032,科技,0,4
603004,周期资源,0,0
603001,消费,0,0
601975,公用事业,0,3
601966,制造,0,0
601956,制造,0,0
601900,消费,0,0
601898,周期资源,0,4
601890,科技,0,0
601878,金融地产,3,3
601865,科技,0,0
601828,消费,0,0
601789,公用事业,0,0
601777,制造,0,0
601702,周期资源,0,0
601579,消费,0,0
601456,金融地产,3,3
601399,制造,0,0
601339,制造,3,3
601212,周期资源,0,0
601179,公用事业,0,0
601177,制造,0,0
601169,金融地产,3,3
601137,周期资源,0,0
601117,公用事业,0,0
601113,周期资源,0,0
601100,制造,0,0
601098,消费,0,0
601058,制造,0,0
601026,科技,0,0
601022,公用事业,0,0
601008,公用事业,0,3
601001,周期资源,0,0
600998,消费,0,0
600979,公用事业,0,3
600969,公用事业,0,0
600967,科技,0,0
600903,公用事业,0,0
600893,科技,0,0
600882,消费,0,0
600858,消费,0,0
600841,制造,0,0
600828,消费,0,0
600824,消费,0,3
600819,周期资源,0,3
600818,制造,0,0
600798,公用事业,0,3
600785,消费,0,0
600776,科技,0,0
600770,公用事业,0,0
600768,周期资源,0,0
600737,消费,0,0
600732,科技,0,0
600731,周期资源,3,3
600704,公用事业,0,3
600699,制造,0,0
600690,制造,0,4
600675,金融地产,0,0
600673,公用事业,0,0
600623,周期资源,3,3
600621,金融地产,1,3
600601,科技,0,0
600600,消费,0,0
600581,周期资源,0,0
600575,公用事业,0,0
600558,制造,0,0
600537,科技,0,0
600520,制造,0,0
600515,公用事业,0,0
600513,消费,0,0
600508,周期资源,3,4
600507,周期资源,3,3
600506,周期资源,0,0
600486,周期资源,0,0
600480,制造,0,3
600476,科技,0,0
600470,周期资源,0,0
600456,周期资源,0,4
600426,周期资源,0,0
600410,科技,0,0
600375,制造,0,0
600372,科技,0,0
600371,消费,0,0
600352,周期资源,0,3
600332,消费,0,0
600330,科技,0,0
600320,制造,0,0
600315,消费,0,0
600298,消费,0,0
600289,科技,0,0
600285,消费,0,0
600269,公用事业,0,0
600267,消费,0,0
600251,消费,0,0
600243,制造,0,0
600227,周期资源,0,0
600223,消费,0,0
600219,周期资源,0,0
600198,科技,0,0
600197,消费,0,0
600193,公用事业,0,0
600185,消费,0,0
600178,制造,0,0
600157,公用事业,0,3
600156,制造,0,0
600153,公用事业,0,0
600133,公用事业,0,0
600096,周期资源,0,3
600078,周期资源,0,4
600066,制造,0,0
600052,公用事业,0,0
600051,公用事业,0,0
600048,金融地产,0,0
600038,科技,0,0
600032,公用事业,0,0
600026,公用事业,0,0
600023,公用事业,3,0
600021,公用事业,0,0
301680,制造,0,0
301656,制造,0,0
301626,科技,0,0
301616,制造,0,0
301611,科技,0,0
301609,公用事业,0,0
301606,科技,0,0
301578,制造,0,0
301571,科技,0,0
301557,科技,0,0
301555,周期资源,0,4
301535,制造,0,0
301529,制造,0,0
301526,周期资源,0,0
301525,制造,0,0
301518,周期资源,0,0
301517,科技,0,0
301516,科技,0,0
301513,科技,0,0
301512,制造,0,0
301508,消费,0,0
301501,制造,0,0
301489,科技,0,0
301468,制造,0,0
301459,周期资源,0,0
301449,消费,0,0
301448,制造,0,0
301439,公用事业,0,0
301429,周期资源,0,0
301428,科技,0,0
301418,制造,0,0
301392,制造,0,0
301390,公用事业,0,0
301382,科技,0,0
301378,科技,0,0
301368,制造,0,0
301367,消费,0,0
301366,科技,0,4
301358,科技,0,0
301348,科技,0,0
301338,制造,0,0
301333,消费,0,0
301332,制造,0,0
301323,周期资源,0,0
301309,制造,0,0
301308,科技,0,0
301306,科技,0,0
301285,科技,0,0
301276,消费,0,0
301275,科技,0,4
301273,制造,0,3
301272,制造,0,0
301269,科技,0,0
301268,制造,0,0
301267,消费,0,0
301263,消费,0,0
301261,制造,0,0
301252,制造,0,0
301251,科技,0,0
301239,消费,0,0
301217,科技,0,0
301216,周期资源,0,0
301209,周期资源,0,0
301203,公用事业,0,0
301202,科技,0,0
301201,消费,0,0
301198,制造,0,0
301193,制造,0,0
301191,科技,0,0
301190,周期资源,0,0
301177,消费,0,0
301171,消费,0,0
301169,消费,0,0
301166,消费,0,0
301161,制造,0,0
301159,科技,0,0
301157,科技,0,0
301156,周期资源,0,0
301150,科技,0,0
301136,公用事业,0,0
301135,制造,0,0
301127,公用事业,0,0
301126,消费,0,0
301125,制造,0,0
301119,制造,0,0
301118,周期资源,0,3
301115,消费,0,0
301111,消费,0,0
301108,消费,0,0
301089,消费,0,0
301086,科技,0,0
301081,公用事业,0,0
301070,制造,0,0
301066,制造,0,0
301063,制造,0,0
301057,周期资源,0,0
301055,制造,0,0
301046,公用事业,0,0
301033,消费,0,0
301029,制造,0,3
301012,公用事业,0,0
301011,消费,0,0
301000,制造,0,0
300991,科技,0,0
300988,制造,0,3
300983,公用事业,0,0
300978,制造,0,0
300973,消费,0,0
300945,消费,0,0
300931,制造,0,0
300926,制造,0,0
300921,科技,0,0
300917,金融地产,0,0
300913,科技,0,0
300907,制造,0,0
300902,制造,0,0
300901,消费,0,0
300898,消费,0,0
300894,制造,0,0
300884,科技,0,3
300882,公用事业,0,0
300879,制造,0,0
300875,科技,0,0
300869,消费,0,0
300864,公用事业,0,0
300862,制造,0,0
300859,消费,0,0
300857,科技,0,0
300854,公用事业,0,0
300833,制造,0,0
300832,消费,0,0
300829,周期资源,0,0
300823,制造,0,3
300820,科技,0,0
300812,科技,0,0
300810,科技,0,0
300808,科技,0,0
300807,科技,0,0
300805,消费,0,0
300790,科技,4,4
300788,消费,0,0
300782,科技,0,0
300776,科技,0,0
300775,科技,0,0
300765,消费,0,0
300762,科技,0,0
300751,科技,0,0
300746,公用事业,0,0
300735,科技,0,0
300727,周期资源,0,0
300721,周期资源,0,4
300718,制造,0,0
300713,科技,0,0
300712,公用事业,0,0
300706,科技,0,0
300685,消费,0,0
300680,制造,0,0
300669,制造,0,0
300665,周期资源,0,0
300664,公用事业,0,3
300662,消费,0,0
300658,消费,0,0
300655,科技,0,0
300651,消费,0,0
300650,科技,0,3
300644,周期资源,0,4
300643,制造,0,0
300641,周期资源,0,0
300629,科技,0,0
300624,科技,0,0
300612,消费,0,0
300611,制造,0,0
300608,科技,0,0
300602,科技,0,0
300596,周期资源,0,0
300587,周期资源,0,4
300585,制造,0,0
300583,消费,0,0
300577,消费,0,0
300576,科技,0,0
300573,消费,0,0
300568,科技,0,0
300567,制造,0,0
300564,公用事业,0,0
300551,科技,0,0
300538,周期资源,0,0
300535,周期资源,0,0
300531,科技,0,0
300529,消费,0,0
300520,科技,0,0
300511,消费,0,0
300510,公用事业,0,0
300506,公用事业,0,0
300497,消费,0,0
300493,科技,0,0
300488,制造,0,3
300454,科技,0,0
300449,科技,0,0
300446,制造,0,0
300441,制造,0,0
300427,公用事业,0,0
300424,科技,0,0
300423,公用事业,0,0
300420,制造,0,3
300419,科技,0,0
300411,制造,0,0
300393,科技,0,0
300389,科技,0,0
300384,公用事业,0,0
300365,科技,0,0
300360,公用事业,0,0
300353,科技,0,0
300345,科技,0,0
300338,消费,0,0
300329,消费,0,0
300320,周期资源,0,3
300318,消费,0,0
300317,公用事业,0,3
300316,科技,0,0
300315,消费,0,0
300311,科技,0,0
300302,科技,0,0
300300,科技,0,0
300298,消费,0,0
300293,制造,0,0
300289,消费,0,0
300288,科技,0,0
300287,科技,0,0
300285,科技,0,0
300284,公用事业,0,0
300281,制造,3,0
300276,制造,0,0
300274,科技,0,0
300271,科技,0,3
300269,科技,0,0
300260,制造,0,0
300257,制造,0,0
300254,消费,0,0
300252,科技,0,0
300245,科技,0,0
300244,消费,0,0
300235,科技,0,0
300230,周期资源,3,3
300226,科技,0,0
300225,周期资源,0,0
300218,周期资源,0,0
300217,制造,0,0
300204,消费,0,0
300198,周期资源,0,3
300195,制造,0,0
300187,公用事业,0,3
300170,科技,0,0
300169,周期资源,0,0
300165,制造,0,0
300163,周期资源,0,0
300154,制造,0,0
300151,制造,0,0
300142,消费,0,0
300124,制造,0,0
300122,消费,0,0
300118,科技,0,0
300096,科技,0,0
300088,科技,0,0
300082,周期资源,0,0
300078,科技,0,0
300070,公用事业,0,3
300067,周期资源,0,0
300054,科技,0,0
300053,科技,0,0
300050,科技,0,0
300049,消费,0,0
300047,科技,0,0
300045,科技,0,0
300039,消费,0,0
300037,科技,0,0
300036,科技,0,0
300008,科技,0,0
300004,制造,0,0
300002,消费,0,0
300001,公用事业,0,0
003033,制造,0,0
003032,消费,0,0
003030,消费,0,0
003028,制造,0,0
003021,制造,0,0
003020,消费,0,0
003017,周期资源,0,4
003016,消费,0,0
003015,科技,0,0
003013,公用事业,0,0
002996,周期资源,0,0
002987,科技,0,0
002986,周期资源,0,0
002980,公用事业,0,0
002970,科技,0,0
002961,金融地产,0,0
002960,制造,0,0
002951,科技,0,0
002950,消费,0,0
002947,科技,0,0
002946,消费,0,0
002941,公用事业,0,0
002931,制造,0,0
002923,消费,0,0
002921,制造,0,0
002920,制造,0,0
002919,消费,0,0
002918,制造,0,3
002912,科技,0,0
002900,消费,0,0
002896,制造,0,0
002879,公用事业,0,0
002876,科技,0,4
002870,制造,0,0
002869,科技,0,0
002864,消费,0,0
002860,制造,0,0
002859,科技,0,4
002852,消费,0,0
002850,科技,0,4
002849,制造,0,0
002838,周期资源,0,4
002833,制造,0,0
002831,制造,0,4
002830,公用事业,0,0
002829,科技,0,0
002827,周期资源,0,0
002826,消费,0,0
002823,制造,0,3
002821,消费,0,0
002811,公用事业,0,0
002792,科技,0,0
002790,制造,0,0
002783,周期资源,0,0
002782,科技,0,0
002778,公用事业,0,0
002777,科技,0,0
002775,公用事业,0,0
002774,制造,0,0
002766,制造,0,0
002760,制造,0,0
002756,周期资源,0,0
002746,消费,0,0
002745,科技,4,4
002730,制造,0,0
002729,科技,0,0
002728,消费,0,0
002719,消费,0,0
002716,周期资源,0,0
002713,公用事业,0,0
002709,科技,0,0
002702,消费,0,0
002698,制造,0,0
002697,消费,0,0
002675,消费,0,0
002674,制造,0,3
002672,公用事业,0,0
002669,周期资源,0,0
002658,公用事业,0,3
002646,消费,0,0
002639,制造,0,0
002635,科技,0,0
002627,消费,0,0
002625,科技,0,0
002624,消费,0,0
002603,消费,0,0
002601,周期资源,0,0
002593,公用事业,3,3
002590,制造,0,0
002585,周期资源,3,3
002579,科技,0,0
002577,科技,0,0
002576,制造,0,0
002575,消费,0,0
002574,消费,0,0
002571,制造,0,0
002570,消费,0,0
002565,制造,0,0
002560,公用事业,0,3
002558,消费,0,0
002555,消费,0,0
002552,科技,0,0
002551,消费,3,0
002543,制造,0,3
002542,公用事业,0,0
002534,科技,0,0
002527,制造,0,0
002524,消费,0,0
002521,制造,3,3
002515,消费,0,0
002511,消费,0,0
002500,金融地产,3,3
002493,周期资源,0,4
002487,科技,0,4
002483,制造,0,3
002476,周期资源,0,0
002474,科技,0,0
002468,公用事业,0,0
002466,周期资源,0,0
002451,公用事业,0,0
002446,科技,0,0
002445,制造,0,0
002443,周期资源,3,3
002441,公用事业,0,3
002438,制造,0,0
002437,消费,0,0
002434,制造,0,0
002430,周期资源,0,0
002424,消费,0,0
002412,消费,0,0
002409,科技,0,0
002406,制造,3,3
002404,消费,0,0
002402,制造,0,0
002395,周期资源,0,0
002389,科技,0,0
002388,科技,0,0
002384,科技,0,0
002381,周期资源,3,3
002378,周期资源,0,0
002375,公用事业,0,0
002373,科技,0,4
002372,周期资源,0,0
002369,科技,0,0
002364,科技,0,0
002362,科技,0,0
002361,周期资源,0,0
002360,周期资源,0,0
002342,制造,0,0
002338,科技,0,0
002337,制造,0,0
002332,消费,0,0
002330,消费,0,0
002328,制造,0,0
002326,周期资源,0,0
002324,周期资源,0,0
002321,消费,0,0
002320,公用事业,0,0
002319,周期资源,0,0
002318,周期资源,0,0
002313,科技,0,0
002312,周期资源,0,0
002309,公用事业,0,0
002307,公用事业,0,0
002305,金融地产,0,0
002304,消费,0,0
002303,制造,0,3
002297,科技,0,0
002296,科技,0,0
002295,周期资源,0,0
002292,消费,0,0
002283,制造,3,3
002274,周期资源,3,3
002267,公用事业,0,0
002264,消费,0,0
002261,科技,0,0
002255,科技,3,3
002253,科技,0,0
002250,周期资源,3,4
002244,金融地产,0,0
002243,消费,0,0
002239,制造,0,3
002227,科技,0,0
002226,周期资源,3,3
002225,周期资源,3,3
002215,周期资源,0,0
002208,金融地产,0,0
002207,周期资源,0,0
002206,周期资源,0,0
002201,周期资源,0,0
002199,科技,0,0
002195,科技,0,0
002192,周期资源,0,0
002191,制造,3,3
002190,制造,0,0
002189,科技,0,0
002187,消费,0,0
002171,周期资源,0,3
002163,公用事业,0,0
002153,科技,0,0
002149,周期资源,0,0
002139,科技,0,0
002129,科技,0,3
002126,制造,0,0
002112,公用事业,0,0
002106,科技,0,0
002101,制造,0,0
002098,制造,0,3
002061,公用事业,0,3
002049,科技,0,0
002048,制造,0,0
002047,公用事业,0,0
002046,制造,0,0
002041,消费,0,0
002039,公用事业,0,3
002036,科技,0,0
002035,制造,3,0
002034,公用事业,0,3
002030,消费,0,3
002023,科技,3,3
002022,消费,0,0
002015,公用事业,0,0
002012,制造,3,3
002009,制造,0,0
002005,制造,0,0
002003,制造,0,0
001400,制造,0,0
001390,制造,0,0
001387,制造,0,0
001378,周期资源,0,4
001376,公用事业,0,0
001369,周期资源,0,0
001367,消费,0,0
001358,周期资源,3,3
001338,消费,0,0
001306,制造,0,0
001301,科技,0,0
001299,公用事业,0,0
001298,科技,0,0
001288,制造,0,0
001287,科技,0,0
001285,制造,0,0
001283,科技,4,4
001279,制造,0,0
001277,制造,0,0
001270,科技,0,0
001267,科技,0,0
001266,制造,0,0
001257,周期资源,0,0
001239,制造,0,0
001227,金融地产,3,3
001222,消费,0,0
001212,周期资源,0,0
001211,制造,0,0
001208,公用事业,0,0
001201,消费,0,0
000969,周期资源,0,0
000967,公用事业,0,0
000962,周期资源,0,0
000960,周期资源,0,0
000953,消费,0,0
000927,制造,0,0
000922,制造,3,3
000919,消费,0,0
000917,消费,0,0
000903,制造,0,0
000902,周期资源,3,4
000899,公用事业,0,0
000893,周期资源,0,0
000888,消费,0,0
000881,周期资源,3,4
000877,周期资源,0,4
000869,消费,0,0
000868,制造,0,0
000863,金融地产,0,0
000856,制造,0,0
000850,制造,0,3
000848,消费,0,0
000839,科技,0,0
000831,周期资源,0,0
000825,周期资源,0,0
000819,周期资源,0,0
000809,科技,0,3
000801,制造,0,0
000797,金融地产,0,0
000789,周期资源,0,0
000788,消费,0,0
000778,周期资源,0,3
000777,制造,0,0
000776,金融地产,3,3
000766,消费,0,0
000761,周期资源,0,0
000758,周期资源,0,3
000735,消费,0,0
000731,周期资源,3,3
000727,科技,0,0
000716,消费,0,0
000711,公用事业,0,0
000697,科技,0,3
000690,公用事业,3,3
000672,周期资源,0,0
000668,金融地产,0,0
000659,制造,0,0
000656,金融地产,0,3
000650,消费,0,3
000625,制造,3,3
000598,公用事业,0,3
000597,消费,0,0
000590,消费,0,0
000586,科技,0,0
000582,公用事业,0,3
000570,制造,0,0
000566,消费,0,0
000555,科技,0,0
000552,周期资源,0,0
000545,周期资源,0,0
000541,制造,0,0
000537,公用事业,0,3
000536,科技,0,0
000526,消费,0,0
000525,周期资源,0,0
000524,消费,0,0
000523,公用事业,0,0
000519,科技,4,3
000428,消费,0,0
000422,周期资源,0,4
000421,公用事业,0,0
000411,消费,0,0
000407,公用事业,0,3
000099,公用事业,0,0
000068,公用事业,0,0
000061,消费,0,0
000059,周期资源,0,0
000058,消费,0,0
000055,周期资源,0,0
000034,科技,0,0
000032,公用事业,0,0
000025,公用事业,0,0
000019,消费,0,0
000012,周期资源,3,3
000004,科技,0,0
688809,科技,0,0
688795,科技,0,0
688662,科技,0,0
688563,科技,0,3
688350,周期资源,0,4
688138,科技,0,4
688118,科技,0,3
605218,科技,0,0
605151,制造,0,0
603685,科技,0,4
603648,公用事业,0,0
603599,周期资源,3,3
603439,消费,0,0
603208,制造,0,0
603176,公用事业,0,0
603092,科技,0,0
603079,周期资源,0,0
601699,周期资源,0,4
601518,公用事业,3,3
600802,周期资源,0,0
600665,金融地产,0,0
600642,公用事业,0,3
600592,制造,0,0
600348,周期资源,0,0
600119,公用事业,0,0
301665,周期资源,0,4
301613,制造,0,0
301607,制造,0,0
301603,制造,0,0
301591,周期资源,0,0
301566,科技,0,0
301556,科技,0,0
301533,制造,0,0
301458,科技,0,0
301389,科技,0,0
301379,科技,0,0
301372,公用事业,0,0
301369,科技,0,0
301331,消费,0,0
301311,制造,0,0
301310,制造,0,0
301296,制造,0,0
301282,科技,0,0
301225,制造,0,0
301222,科技,4,4
301221,制造,0,0
301213,科技,0,3
301208,科技,0,0
301207,消费,0,0
301197,制造,0,0
301187,制造,0,0
301186,制造,0,4
301183,科技,0,0
301180,科技,0,0
301172,科技,0,0
301128,制造,0,0
301121,科技,4,4
301095,科技,0,3
301090,周期资源,3,3
301072,制造,0,0
301068,公用事业,0,0
301059,周期资源,0,0
301041,科技,0,0
301035,周期资源,0,0
301021,制造,0,0
301013,制造,0,0
301010,周期资源,0,3
301009,消费,0,0
300981,消费,0,3
300963,周期资源,0,0
300957,消费,0,0
300952,消费,0,0
300950,制造,0,0
300942,消费,0,0
300941,科技,0,0
300930,周期资源,0,0
300912,制造,0,0
300905,周期资源,0,0
300870,科技,0,0
300851,制造,0,0
300846,科技,0,0
300843,科技,0,0
300840,消费,0,0
300835,周期资源,0,0
300822,科技,0,0
300819,制造,0,0
300806,周期资源,0,0
300798,周期资源,0,0
300797,消费,0,0
300795,消费,0,0
300786,公用事业,0,3
300763,科技,0,4
300749,制造,0,0
300730,科技,0,0
300729,制造,0,0
300724,科技,0,4
300709,科技,0,0
300700,制造,0,0
300692,公用事业,0,0
300671,科技,0,0
300670,公用事业,0,0
300663,科技,0,0
300661,科技,0,4
300648,科技,0,0
300640,制造,0,0
300504,科技,0,3
300496,科技,0,4
300486,制造,0,0
300472,制造,0,0
300462,科技,0,0
300457,科技,0,4
300453,消费,0,0
300448,科技,0,0
300440,科技,0,0
300406,消费,0,0
300403,制造,0,0
300374,公用事业,0,0
300351,制造,0,0
300350,公用事业,0,0
300340,科技,0,0
300291,消费,0,0
300290,科技,0,0
300279,制造,0,0
300277,科技,0,0
300266,公用事业,0,0
300214,周期资源,3,3
300194,消费,3,3
300181,消费,0,0
300174,周期资源,3,3
300173,科技,0,0
300155,科技,0,0
300153,科技,0,0
300145,制造,0,3
300141,公用事业,0,0
300135,周期资源,0,3
300134,科技,0,0
300111,消费,0,0
300103,制造,0,0
003039,公用事业,0,0
003038,周期资源,0,0
003009,科技,0,4
002988,周期资源,0,0
002976,制造,0,0
002972,制造,0,0
002969,制造,0,0
002952,科技,0,0
002928,公用事业,0,0
002915,周期资源,0,0
002892,制造,0,0
002888,科技,0,0
002880,消费,0,0
002877,制造,0,0
002845,科技,0,0
002836,制造,0,0
002810,周期资源,0,4
002809,周期资源,0,0
002796,科技,0,0
002769,公用事业,0,0
002762,消费,0,0
002739,消费,0,0
002707,消费,0,0
002703,制造,0,0
002653,消费,0,0
002651,科技,0,0
002650,消费,0,0
002587,科技,0,0
002578,周期资源,0,0
002562,周期资源,3,3
002529,制造,0,0
002518,科技,0,0
002507,消费,0,3
002497,周期资源,0,0
002496,周期资源,0,3
002488,制造,0,0
002456,科技,0,0
002425,消费,0,0
002335,科技,0,4
002270,公用事业,0,0
002246,周期资源,0,0
002237,周期资源,0,0
002228,制造,0,3
002216,消费,0,0
002210,公用事业,0,0
002205,周期资源,0,0
002155,周期资源,0,0
002151,科技,0,4
002144,制造,3,3
002115,科技,0,0
002104,科技,0,0
002007,消费,0,0
001396,公用事业,0,0
001373,科技,0,0
001337,周期资源,0,0
001332,制造,0,0
001318,消费,0,0
001300,消费,0,0
001259,制造,0,0
001234,消费,0,0
001231,周期资源,0,3
001229,科技,0,0
001221,制造,0,0
000995,消费,0,0
000988,制造,0,0
000929,消费,0,0
000828,公用事业,3,0
000779,公用事业,0,0
000752,消费,0,0
000738,科技,0,0
000736,金融地产,0,0
000719,消费,0,0
000657,周期资源,0,0
000652,公用事业,0,0
000617,金融地产,0,3
000572,制造,0,0
000529,消费,0,0
000518,消费,0,0
000156,消费,0,0
000070,科技,0,0
000065,公用事业,0,0
688788,科技,0,0
688777,制造,0,0
688767,消费,0,0
688757,消费,0,0
688755,制造,0,4
688722,周期资源,0,0
688720,科技,0,4
688712,消费,0,0
688707,科技,0,0
688692,科技,0,0
688687,消费,0,0
688677,消费,0,0
688663,公用事业,0,0
688659,周期资源,0,3
688657,科技,0,0
688655,科技,0,0
688638,科技,0,4
688631,科技,0,0
688628,制造,0,0
688607,消费,0,0
688600,制造,0,0
688597,公用事业,0,0
688593,科技,0,0
688589,科技,0,0
688568,科技,0,0
688553,消费,0,3
688548,科技,0,0
688539,科技,0,0
688530,科技,0,0
688523,科技,0,0
688479,科技,0,4
688456,周期资源,0,0
688455,制造,0,0
688450,制造,0,0
688419,科技,0,0
688398,周期资源,0,0
688396,科技,4,4
688395,制造,0,0
688392,科技,0,0
688387,科技,0,0
688377,制造,0,0
688370,公用事业,0,0
688366,消费,0,0
688365,科技,0,0
688355,制造,0,0
688345,科技,0,4
688336,消费,0,0
688335,公用事业,0,0
688326,科技,0,4
688322,科技,0,0
688312,制造,0,0
688302,消费,0,0
688233,科技,0,0
688221,消费,0,0
688215,制造,0,0
688208,科技,0,0
688207,科技,0,0
688203,周期资源,3,3
688199,周期资源,0,4
688195,科技,0,0
688184,科技,3,0
688163,消费,0,0
688115,制造,0,0
688114,消费,0,0
688081,科技,0,0
688068,消费,0,0
688035,科技,0,4
688030,科技,0,0
688003,制造,0,0
605589,周期资源,0,0
605555,制造,0,0
605365,制造,0,0
605319,制造,0,0
605300,消费,0,0
605299,消费,0,0
605296,消费,0,0
605255,制造,0,0
605208,周期资源,0,3
605183,周期资源,0,3
605166,周期资源,0,0
605162,公用事业,0,0
605138,消费,0,0
605018,制造,0,0
605005,制造,0,0
603998,消费,0,0
603995,周期资源,0,4
603993,周期资源,0,0
603982,制造,0,0
603976,消费,0,0
603970,周期资源,0,0
603966,制造,3,3
603958,消费,0,0
603931,科技,0,0
603886,消费,0,0
603882,消费,0,0
603881,科技,0,0
603867,周期资源,0,0
603861,公用事业,0,0
603836,公用事业,0,3
603817,公用事业,0,3
603790,周期资源,0,0
603787,制造,0,0
603767,制造,0,0
603766,制造,0,0
603755,消费,0,0
603739,周期资源,3,3
603722,周期资源,0,0
603703,科技,0,0
603693,公用事业,0,3
603688,周期资源,0,0
603682,消费,0,0
603677,制造,0,0
603663,周期资源,0,0
603656,制造,0,0
603608,消费,0,0
603600,制造,0,0
603586,制造,0,0
603538,消费,0,0
603527,周期资源,0,0
603511,消费,0,0
603486,制造,0,0
603416,制造,0,0
603375,科技,0,0
603366,制造,0,3
603327,科技,0,0
603312,公用事业,0,0
603310,周期资源,3,3
603170,消费,0,0
603156,消费,0,0
603125,周期资源,0,0
603095,制造,0,0
603080,公用事业,0,0
603037,制造,0,0
603019,科技,0,0
601996,制造,3,0
601990,金融地产,1,3
601968,制造,0,0
601949,消费,0,0
601918,周期资源,0,0
601872,公用事业,0,0
601633,制造,0,0
601616,公用事业,0,0
601611,公用事业,0,0
601608,制造,0,0
601606,科技,0,0
601567,公用事业,0,0
601330,公用事业,0,3
601225,周期资源,0,0
601218,科技,3,0
601216,周期资源,0,0
601211,金融地产,3,3
601121,周期资源,0,0
601116,消费,0,0
601108,金融地产,1,3
601089,消费,0,0
601088,周期资源,0,3
600993,消费,0,0
600988,周期资源,0,0
600980,制造,0,0
600963,制造,0,0
600955,周期资源,0,4
600917,公用事业,0,3
600895,金融地产,0,0
600864,金融地产,3,3
600862,科技,0,0
600861,消费,0,3
600853,公用事业,0,0
600839,制造,0,0
600830,金融地产,0,0
600812,消费,0,0
600808,周期资源,3,3
600794,公用事业,0,0
600789,消费,0,0
600784,周期资源,3,3
600780,公用事业,0,0
600761,制造,0,3
600750,消费,0,0
600721,消费,0,0
600703,科技,0,0
600698,制造,0,0
600693,消费,0,0
600653,制造,0,0
600645,消费,0,0
600644,公用事业,0,0
600615,周期资源,0,0
600610,周期资源,0,0
600604,金融地产,0,0
600602,科技,0,0
600588,科技,0,0
600583,周期资源,0,0
600578,公用事业,0,3
600535,消费,0,0
600529,消费,0,0
600523,制造,0,0
600522,科技,0,0
600519,消费,0,0
600502,公用事业,0,0
600501,制造,0,0
600490,周期资源,0,0
600488,消费,0,0
600487,科技,0,0
600449,周期资源,3,0
600446,科技,0,0
600435,科技,0,0
600422,消费,0,0
600409,周期资源,0,0
600399,周期资源,0,3
600391,科技,0,0
600380,消费,0,0
600368,公用事业,0,0
600367,周期资源,0,0
600361,周期资源,3,3
600351,消费,0,0
600339,周期资源,0,0
600316,科技,0,0
600310,公用事业,0,0
600273,周期资源,0,0
600241,科技,0,0
600237,科技,0,0
600228,消费,0,3
600206,科技,0,0
600184,科技,0,3
600179,公用事业,0,0
600176,周期资源,0,3
600173,金融地产,0,0
600171,科技,0,0
600148,制造,0,0
600131,科技,0,4
600126,周期资源,3,0
600121,周期资源,0,0
600099,制造,0,0
600095,金融地产,0,0
600062,消费,0,0
600055,消费,0,0
600030,金融地产,0,3
301682,科技,0,0
301592,科技,0,0
301589,科技,0,4
301577,科技,0,0
301539,制造,0,0
301519,公用事业,0,0
301511,科技,0,0
301509,消费,0,0
301500,公用事业,0,0
301456,科技,4,4
301408,消费,0,0
301395,周期资源,0,0
301387,科技,0,0
301337,科技,0,3
301335,消费,0,0
301327,科技,0,4
301322,制造,0,0
301321,科技,0,0
301318,科技,0,3
301305,公用事业,0,0
301255,制造,0,0
301236,科技,0,0
301235,消费,0,0
301189,科技,4,0
301182,科技,0,0
301162,科技,0,0
301153,科技,0,0
301151,制造,0,0
301141,周期资源,0,0
301103,消费,0,0
301077,周期资源,0,0
301065,消费,0,0
301040,科技,0,0
301039,制造,0,0
301031,科技,0,4
301028,制造,0,0
301025,消费,0,0
301023,制造,0,0
301022,制造,0,0
301005,制造,0,0
301002,公用事业,0,0
300993,制造,0,3
300989,公用事业,0,0
300986,公用事业,0,0
300968,科技,0,0
300960,制造,0,0
300958,公用事业,0,0
300946,制造,0,0
300939,科技,0,4
300903,科技,0,0
300887,消费,0,0
300868,科技,0,0
300863,制造,0,0
300849,消费,0,0
300837,制造,0,0
300831,科技,0,0
300816,制造,0,0
300809,制造,0,0
300803,科技,0,0
300802,制造,0,0
300772,科技,0,0
300753,消费,0,0
300739,科技,0,0
300736,科技,0,0
300717,周期资源,0,0
300705,消费,0,0
300696,科技,0,0
300676,消费,0,0
300649,公用事业,0,0
300642,消费,0,0
300625,制造,0,0
300609,科技,0,0
300604,科技,0,0
300599,周期资源,3,3
300591,消费,0,0
300584,消费,0,0
300582,科技,0,0
300572,消费,0,0
300556,科技,0,0
300484,制造,0,0
300467,消费,0,0
300447,科技,0,0
300413,消费,0,0
300412,制造,0,0
300404,消费,0,0
300385,公用事业,0,0
300368,科技,0,0
300348,科技,0,0
300343,周期资源,0,0
300322,科技,0,0
300313,消费,0,0
300294,消费,0,0
300278,制造,0,0
300275,科技,0,0
300268,消费,0,0
300264,科技,0,0
300246,消费,0,0
300231,科技,0,0
300213,科技,3,3
300193,制造,0,0
300189,消费,0,0
300185,科技,3,0
300182,消费,0,0
300177,科技,0,0
300146,消费,0,0
300139,周期资源,0,0
300138,消费,0,0
300137,公用事业,0,0
300127,周期资源,0,0
300091,制造,0,0
300087,消费,0,0
300073,科技,0,0
300072,周期资源,0,0
300066,制造,0,0
300062,公用事业,0,0
300059,金融地产,0,0
300017,科技,0,0
300014,科技,0,4
300013,公用事业,0,0
003041,消费,0,0
003040,科技,0,0
002982,消费,0,0
002978,周期资源,0,0
002963,公用事业,0,3
002955,科技,0,4
002945,金融地产,0,0
002935,科技,0,0
002911,公用事业,0,0
002908,科技,0,0
002906,制造,0,0
002902,科技,0,0
002889,公用事业,0,0
002885,科技,0,0
002882,公用事业,0,0
002862,消费,0,0
002861,科技,0,0
002855,科技,0,0
002843,制造,0,0
002819,制造,0,0
002802,周期资源,0,0
002758,公用事业,0,0
002757,制造,0,0
002742,消费,0,0
002706,公用事业,0,0
002700,公用事业,0,0
002695,消费,0,0
002690,制造,0,0
002676,制造,0,0
002659,消费,0,0
002643,科技,4,4
002611,制造,0,0
002608,公用事业,0,0
002589,消费,0,0
002566,消费,0,0
002561,消费,0,0
002554,周期资源,0,0
002544,科技,0,0
002519,科技,0,0
002516,制造,0,0
002492,公用事业,0,3
002469,周期资源,0,0
002465,科技,0,0
002461,消费,0,0
002436,科技,0,0
002431,公用事业,0,0
002426,科技,0,0
002420,制造,0,0
002419,消费,0,0
002397,消费,0,0
002392,周期资源,0,0
002379,周期资源,0,0
002370,消费,0,0
002367,制造,0,0
002366,科技,0,0
002327,消费,0,0
002301,消费,0,0
002286,消费,0,0
002285,金融地产,0,0
002282,制造,0,0
002278,制造,0,0
002259,公用事业,0,0
002258,周期资源,0,3
002254,周期资源,0,3
002245,科技,4,4
002234,消费,0,0
002232,科技,0,0
002223,消费,0,0
002202,科技,0,0
002197,科技,0,0
002179,科技,0,0
002158,制造,0,3
002154,消费,3,3
002152,科技,0,0
002142,金融地产,3,3
002121,公用事业,0,0
002120,公用事业,0,0
002117,制造,0,0
002092,周期资源,0,0
002080,周期资源,0,0
002063,科技,0,0
002059,消费,0,0
002057,消费,0,0
002051,公用事业,0,0
002029,消费,0,0
002028,公用事业,0,0
002017,科技,0,0
002004,消费,0,0
001965,公用事业,0,0
001696,制造,0,0
001356,制造,0,0
001269,科技,0,0
001215,消费,0,0
001210,公用事业,0,0
000999,消费,0,0
000997,科技,0,0
000985,周期资源,0,0
000972,消费,0,0
000970,周期资源,0,0
000957,制造,0,0
000952,消费,0,0
000948,科技,0,3
000931,消费,0,0
000909,金融地产,0,0
000823,科技,0,3
000822,周期资源,0,0
000821,科技,0,0
000816,制造,0,0
000813,消费,0,0
000802,消费,0,0
000757,制造,3,0
000755,公用事业,0,0
000753,公用事业,0,0
000715,消费,0,0
000698,周期资源,0,0
000686,金融地产,3,3
000629,周期资源,0,3
000619,周期资源,3,3
000595,公用事业,0,0
000593,公用事业,0,0
000565,周期资源,0,0
000563,金融地产,3,3
000559,制造,0,0
000550,制造,0,0
000548,公用事业,0,0
000534,消费,0,0
000532,金融地产,0,0
000528,制造,0,0
000514,金融地产,0,3
000423,消费,0,0
000063,科技,0,4
000026,消费,0,0
000001,金融地产,3,3
688787,科技,0,0
688781,科技,0,0
688676,公用事业,0,0
688633,制造,0,0
688626,消费,0,0
688621,消费,0,0
688617,消费,0,0
688609,制造,0,0
688602,消费,0,0
688582,科技,0,0
688551,科技,0,0
688550,科技,4,4
688517,公用事业,0,0
688466,公用事业,0,0
688428,消费,0,0
688416,科技,0,4
688380,科技,0,0
688338,消费,0,0
688308,制造,0,0
688301,消费,0,0
688269,周期资源,0,0
688262,科技,0,0
688259,科技,0,3
688249,科技,0,0
688228,科技,0,0
688157,周期资源,0,0
688156,公用事业,0,0
688151,消费,0,0
688125,制造,0,0
688117,消费,0,0
688112,制造,0,0
688111,科技,0,0
688109,科技,0,0
688060,科技,0,0
688059,制造,0,0
688058,科技,0,0
688011,科技,0,0
605598,公用事业,0,0
605369,消费,0,0
605333,制造,0,0
605116,消费,0,0
605090,公用事业,0,0
605088,制造,0,4
603999,消费,0,0
603992,制造,0,0
603991,科技,0,4
603967,公用事业,0,0
603960,制造,0,0
603956,制造,0,3
603948,周期资源,0,0
603811,消费,0,0
603798,周期资源,0,0
603676,消费,0,0
603617,制造,0,0
603616,周期资源,0,0
603515,制造,0,0
603456,消费,0,0
603444,消费,0,0
603365,消费,0,0
603353,周期资源,0,0
603325,制造,0,0
603318,公用事业,0,0
603308,制造,0,0
603303,制造,0,0
603301,消费,0,0
603298,制造,0,0
603297,科技,0,0
603238,消费,0,0
603236,科技,0,4
603233,消费,0,0
603217,周期资源,0,4
603205,消费,0,0
603203,制造,0,0
603202,制造,0,0
603199,消费,0,0
603173,制造,0,0
603160,科技,0,0
603153,公用事业,0,0
603139,消费,0,0
603122,消费,0,0
603121,制造,0,0
603111,制造,3,3
603097,公用事业,0,0
603066,公用事业,0,0
603041,周期资源,3,3
603016,公用事业,0,0
603012,制造,0,0
603006,制造,0,0
601860,金融地产,3,3
601798,制造,0,0
601728,科技,0,0
601609,周期资源,0,0
601600,周期资源,0,4
601566,消费,0,0
601519,科技,0,0
601311,科技,3,3
601229,金融地产,3,3
601128,金融地产,3,3
600989,周期资源,0,0
600987,制造,3,3
600983,制造,0,0
600971,周期资源,3,3
600966,制造,0,0
600927,金融地产,0,3
600901,金融地产,0,3
600880,消费,0,3
600874,公用事业,0,3
600791,金融地产,0,0
600769,公用事业,0,0
600733,制造,0,0
600719,公用事业,0,0
600694,消费,0,0
600667,公用事业,0,0
600662,消费,0,0
600612,消费,0,0
600603,公用事业,0,0
600566,消费,0,0
600549,周期资源,0,0
600546,周期资源,0,0
600536,科技,0,0
600499,制造,0,0
600433,制造,0,0
600429,消费,0,0
600397,制造,0,0
600335,制造,0,0
600333,公用事业,0,0
600293,周期资源,0,3
600268,公用事业,0,0
600256,周期资源,0,0
600235,制造,0,0
600216,消费,0,0
600202,制造,0,0
600123,周期资源,0,0
600109,金融地产,3,3
301630,科技,4,4
301628,科技,0,0
301617,周期资源,0,0
301601,制造,0,0
301587,科技,0,4
301575,制造,0,0
301567,科技,0,0
301559,制造,0,0
301552,制造,0,0
301550,制造,0,0
301548,制造,0,0
301538,周期资源,0,0
301536,科技,0,0
301515,消费,0,0
301507,消费,0,0
301505,公用事业,0,0
301446,制造,0,0
301419,科技,0,0
301413,制造,0,0
301397,制造,0,0
301393,消费,0,0
301388,公用事业,0,0
301386,公用事业,0,0
301373,周期资源,0,0
301361,公用事业,0,0
301359,科技,0,0
301357,科技,0,0
301349,科技,4,4
301328,科技,4,4
301314,科技,0,0
301307,科技,0,4
301299,消费,0,0
301298,制造,0,0
301289,消费,0,0
301288,公用事业,0,0
301281,消费,0,0
301277,消费,0,0
301270,科技,0,0
301266,科技,0,0
301262,消费,0,0
301248,科技,0,0
301233,制造,0,0
301232,科技,0,0
301226,制造,0,0
301212,周期资源,0,3
301195,科技,0,4
301181,制造,0,0
301178,科技,0,3
301176,科技,0,0
301170,制造,0,3
301167,公用事业,0,0
301160,周期资源,0,0
301148,公用事业,0,0
301120,公用事业,0,0
301117,科技,0,0
301116,消费,0,0
301107,制造,0,0
301106,科技,0,0
301102,消费,0,0
301100,周期资源,0,0
301098,公用事业,0,0
301096,消费,0,0
301093,消费,0,0
301091,公用事业,0,0
301088,消费,0,0
301083,制造,0,0
301079,制造,0,0
301071,周期资源,0,4
301058,公用事业,0,0
301056,制造,0,0
301050,科技,0,0
301045,科技,0,4
301037,周期资源,0,0
301027,公用事业,0,0
300997,消费,0,0
300995,周期资源,0,0
300990,制造,0,0
300987,消费,0,0
300976,科技,4,4
300975,科技,0,0
300955,消费,0,0
300943,制造,0,0
300935,科技,0,0
300932,公用事业,0,0
300929,公用事业,0,0
300928,制造,0,0
300925,科技,0,0
300922,科技,0,0
300920,周期资源,0,4
300918,制造,0,0
300916,科技,0,0
300897,制造,0,0
300893,制造,0,0
300889,科技,0,0
300886,消费,0,0
300877,制造,0,0
300867,公用事业,0,3
300848,周期资源,0,0
300845,科技,0,0
300836,制造,0,0
300828,制造,0,0
300827,科技,0,0
300826,公用事业,0,0
300818,制造,0,0
300804,周期资源,0,0
300791,消费,0,0
300787,科技,0,0
300785,消费,0,0
300784,科技,0,0
300780,制造,0,0
300758,周期资源,0,0
300756,制造,0,0
300740,消费,0,0
300737,周期资源,0,4
300726,科技,0,0
300723,消费,0,0
300722,科技,0,0
300708,科技,0,0
300707,制造,0,0
300702,消费,0,0
300699,科技,0,0
300695,制造,0,0
300693,科技,0,0
300689,科技,0,0
300688,消费,0,0
300683,消费,0,0
300682,科技,0,3
300679,科技,0,4
300678,科技,0,0
300677,消费,0,0
300675,公用事业,0,0
300659,科技,0,0
300654,消费,0,0
300638,科技,0,0
300632,科技,0,0
300627,科技,0,0
300621,公用事业,0,0
300619,科技,0,4
300615,科技,0,0
300613,科技,4,4
300589,科技,0,0
300579,科技,0,0
300575,周期资源,3,3
300570,科技,0,0
300565,科技,0,0
300563,科技,0,0
300562,消费,0,0
300561,科技,0,0
300543,制造,0,0
300541,科技,0,0
300517,公用事业,0,3
300516,科技,0,0
300509,制造,0,0
300502,科技,0,0
300499,制造,0,0
300494,消费,0,3
300491,科技,0,0
300489,科技,0,0
300483,公用事业,0,0
300481,科技,0,4
300480,制造,0,0
300479,科技,0,0
300475,科技,0,0
300474,科技,0,0
300465,科技,0,0
300455,科技,0,0
300445,制造,0,0
300444,公用事业,0,0
300443,科技,0,3
300434,消费,0,0
300426,消费,0,0
300425,公用事业,0,0
300422,公用事业,0,0
300408,科技,0,0
300399,科技,0,0
300397,科技,0,0
300395,科技,0,0
300390,科技,0,0
300371,制造,3,3
300370,制造,0,0
300357,消费,0,0
300346,科技,0,0
300339,科技,0,0
300335,公用事业,0,3
300334,公用事业,0,0
300333,科技,0,0
300332,公用事业,0,0
300331,科技,0,0
300296,科技,0,0
300283,公用事业,0,0
300267,消费,0,0
300248,科技,0,0
300242,消费,0,0
300239,消费,0,0
300237,制造,0,0
300233,消费,0,0
300228,制造,3,3
300215,消费,0,0
300211,科技,0,0
300207,科技,0,4
300206,消费,0,0
300196,周期资源,3,3
300191,周期资源,0,0
300183,科技,0,0
300166,科技,0,0
300164,周期资源,0,0
300150,科技,0,0
300144,消费,0,0
300110,消费,0,0
300109,周期资源,3,3
300107,周期资源,0,3
300105,科技,0,0
300097,制造,0,0
300085,科技,0,0
300083,制造,0,0
300077,科技,0,0
300075,科技,0,3
300057,周期资源,3,3
300055,周期资源,3,3
300044,科技,0,0
300043,消费,0,0
300025,科技,0,0
300024,制造,0,0
300020,科技,0,0
300015,消费,0,0
300011,制造,0,0
300009,消费,0,0
003036,制造,0,0
003029,科技,0,0
002997,制造,0,0
002975,制造,0,0
002971,周期资源,0,0
002957,制造,0,4
002953,公用事业,0,0
002937,制造,0,0
002916,科技,0,0
002835,科技,0,0
002799,制造,0,0
002767,制造,0,0
002734,周期资源,3,4
002733,科技,0,0
002718,周期资源,0,0
002712,消费,0,0
002686,制造,0,0
002683,周期资源,0,0
002673,金融地产,3,3
002652,周期资源,0,0
002637,周期资源,0,0
002580,科技,0,0
002550,消费,0,0
002523,制造,0,0
002484,科技,0,0
002482,公用事业,0,0
002481,消费,0,0
002478,周期资源,0,3
002472,制造,0,0
002457,周期资源,0,0
002449,科技,0,3
002448,制造,0,3
002429,制造,0,0
002410,科技,0,0
002407,周期资源,0,0
002394,制造,0,0
002393,消费,0,0
002376,科技,3,3
002351,科技,0,0
002333,周期资源,0,3
002322,科技,0,0
002287,消费,0,0
002241,科技,0,4
002229,制造,0,0
002213,科技,0,0
002211,周期资源,0,0
002186,消费,0,0
002177,科技,0,0
002160,周期资源,3,3
002130,科技,0,0
002122,制造,0,3
002116,公用事业,0,3
002075,周期资源,0,3
002040,公用事业,0,3
002033,消费,0,0
002032,制造,0,0
002020,消费,0,0
002019,消费,0,0
002014,制造,0,0
001395,制造,0,3
001388,公用事业,0,0
001379,制造,0,0
001360,制造,0,0
001339,科技,0,0
001319,制造,0,0
001317,公用事业,0,0
001268,制造,0,0
001260,制造,0,0
001230,公用事业,0,0
001217,周期资源,0,0
001206,消费,0,0
001203,周期资源,0,0
000966,公用事业,0,0
000963,消费,0,0
000958,公用事业,0,0
000955,制造,0,0
000950,消费,0,0
000930,消费,0,0
000915,消费,0,0
000906,公用事业,0,0
000878,周期资源,0,0
000852,制造,0,0
000833,公用事业,0,0
000815,科技,0,0
000812,制造,0,0
000807,周期资源,0,0
000795,周期资源,0,0
000762,周期资源,0,0
000751,周期资源,0,4
000729,消费,0,0
000721,消费,0,0
000717,周期资源,3,3
000610,消费,0,0
000601,公用事业,0,0
000581,制造,0,0
000554,周期资源,0,0
000530,制造,0,3
000516,消费,0,0
000513,消费,0,0
000089,公用事业,0,3
688778,科技,0,0
688702,科技,0,0
688689,科技,0,4
688670,消费,0,0
688639,周期资源,0,4
688636,科技,0,0
688620,科技,0,0
688581,消费,0,0
688578,消费,0,0
688569,制造,0,0
688516,科技,0,4
688389,消费,0,0
688381,科技,0,3
688367,制造,0,0
688349,科技,0,0
688327,科技,0,0
688285,制造,0,3
688255,制造,0,0
688169,制造,0,0
688120,科技,0,0
688105,消费,0,0
688089,周期资源,0,0
688083,科技,0,0
688063,科技,0,4
688055,科技,0,0
688050,消费,0,0
688046,消费,0,0
688045,科技,4,4
688017,制造,0,0
688004,科技,0,0
605567,消费,0,0
605086,周期资源,0,0
603939,消费,0,0
603938,周期资源,0,0
603901,制造,0,0
603883,消费,0,0
603878,周期资源,0,3
603826,周期资源,0,0
603786,制造,0,0
603773,科技,0,0
603737,周期资源,0,0
603659,科技,4,4
603658,消费,0,0
603626,科技,0,0
603612,周期资源,0,0
603601,公用事业,0,0
603590,消费,0,0
603589,消费,0,0
603585,周期资源,0,4
603558,制造,0,0
603529,制造,0,0
603517,消费,0,0
603477,消费,0,0
603408,制造,0,3
603390,制造,0,0
603383,科技,0,0
603330,周期资源,0,0
603309,消费,0,0
603299,周期资源,0,0
603293,制造,0,3
603277,制造,0,0
603275,制造,0,0
603261,科技,0,0
603248,科技,0,0
603228,科技,0,4
603226,制造,0,0
603216,制造,0,0
603198,消费,0,0
603193,消费,0,0
603171,科技,0,0
603112,制造,0,0
603087,消费,0,0
603060,消费,0,0
603028,制造,0,0
601997,金融地产,3,3
601965,消费,0,0
601838,金融地产,3,3
601825,金融地产,3,3
601808,周期资源,0,3
601665,金融地产,3,3
601636,周期资源,3,3
601595,消费,0,0
601568,周期资源,0,3
601208,周期资源,0,0
601101,周期资源,0,0
601009,金融地产,3,3
600928,金融地产,3,3
600926,金融地产,3,3
600889,制造,0,0
600863,公用事业,0,0
600771,消费,0,0
600744,公用事业,0,0
600742,制造,0,0
600726,公用事业,0,0
600664,消费,3,0
600661,消费,0,0
600640,消费,0,0
600594,消费,0,0
600572,消费,0,0
600562,科技,0,0
600559,消费,0,0
600511,消费,0,0
600483,公用事业,0,3
600419,消费,0,0
600415,消费,0,0
600366,周期资源,0,0
600338,周期资源,0,0
600319,周期资源,0,0
600307,周期资源,3,4
600282,周期资源,3,3
600276,消费,0,0
600236,公用事业,0,0
600233,公用事业,0,0
600186,消费,0,0
600182,制造,0,0
600136,金融地产,0,0
600116,公用事业,0,0
600110,科技,0,0
600106,公用事业,0,0
600094,金融地产,0,0
600064,金融地产,0,3
600059,消费,0,0
600022,周期资源,0,0
301632,消费,0,0
301622,周期资源,0,0
301596,制造,0,0
301595,制造,0,0
301528,制造,0,0
301520,消费,0,0
301491,科技,0,4
301488,制造,0,0
301371,消费,0,0
301360,制造,0,0
301339,科技,0,0
301315,科技,0,0
301303,制造,0,0
301302,科技,0,0
301301,消费,0,0
301292,科技,0,0
301279,制造,0,0
301265,公用事业,0,0
301258,消费,0,0
301237,周期资源,0,0
301234,消费,0,0
301229,制造,0,0
301228,消费,0,0
301218,科技,0,0
301211,消费,0,0
301192,制造,0,0
301188,消费,0,0
301173,制造,0,0
301163,科技,0,0
301138,制造,0,0
301137,制造,0,0
301129,制造,0,3
301113,制造,0,0
301109,公用事业,0,3
301101,消费,0,0
301097,消费,0,0
301069,周期资源,0,0
301052,消费,0,0
301036,周期资源,0,0
301032,制造,0,0
301008,制造,0,0
301003,周期资源,0,0
300971,制造,0,3
300956,科技,0,0
300951,科技,0,0
300938,消费,0,0
300936,科技,0,0
300910,周期资源,0,0
300906,制造,0,0
300899,公用事业,0,0
300895,科技,0,0
300876,周期资源,0,0
300873,公用事业,0,0
300865,制造,0,0
300856,消费,0,0
300852,科技,0,4
300847,科技,0,0
300839,周期资源,0,0
300824,制造,0,0
300821,周期资源,0,0
300811,周期资源,0,0
300800,公用事业,0,0
300777,科技,0,0
300767,周期资源,0,0
300752,科技,0,0
300747,制造,0,0
300733,制造,0,0
300732,公用事业,0,0
300697,周期资源,0,0
300691,科技,0,4
300631,公用事业,0,3
300620,科技,0,0
300618,周期资源,0,0
300607,制造,0,0
300603,科技,0,0
300600,科技,0,0
300595,消费,0,0
300590,科技,0,0
300586,周期资源,0,0
300580,制造,0,0
300569,科技,0,0
300559,科技,0,0
300558,消费,0,0
300552,科技,0,0
300549,制造,0,0
300545,科技,0,4
300532,科技,0,3
300528,消费,0,0
300514,公用事业,0,0
300507,制造,0,0
300501,制造,0,0
300490,公用事业,0,0
300487,周期资源,0,0
300482,消费,0,0
300478,周期资源,0,0
300471,制造,0,0
300470,制造,0,0
300466,制造,0,0
300456,科技,0,0
300452,消费,0,0
300416,消费,0,0
300414,科技,0,0
300407,公用事业,0,0
300402,制造,0,0
300388,公用事业,0,3
300387,周期资源,3,3
300386,科技,0,0
300364,消费,0,0
300363,消费,0,0
300358,消费,0,0
300355,公用事业,0,0
300349,制造,0,3
300342,制造,0,0
300328,周期资源,0,0
300327,科技,0,0
300326,消费,0,0
300324,科技,0,0
300321,周期资源,0,0
300319,科技,0,3
300314,消费,0,0
300310,科技,0,3
300306,制造,0,0
300305,周期资源,0,4
300295,消费,0,0
300292,科技,0,0
300286,公用事业,0,0
300265,公用事业,0,0
300263,制造,0,0
300259,制造,0,0
300253,科技,0,0
300240,公用事业,0,0
300234,周期资源,0,0
300229,科技,0,0
300221,周期资源,0,0
300210,公用事业,0,0
300205,科技,0,0
300179,制造,0,0
300175,消费,0,0
300160,制造,0,3
300148,消费,0,0
300143,消费,0,0
300140,公用事业,0,3
300133,消费,0,0
300129,科技,0,0
300126,制造,0,0
300121,周期资源,3,3
300115,科技,0,0
300112,制造,0,0
300106,消费,0,0
300102,科技,0,0
300099,制造,0,0
300093,科技,0,0
300092,制造,0,0
300080,科技,0,0
300079,科技,0,3
300061,消费,0,0
300058,消费,0,0
300048,制造,0,0
300046,科技,0,0
300034,科技,0,0
300033,科技,0,0
300006,消费,0,0
300003,消费,0,0
003022,科技,0,0
003000,消费,0,0
002979,制造,0,0
002977,科技,0,0
002926,金融地产,3,3
002841,科技,0,4
002812,科技,0,4
002793,消费,0,0
002773,消费,0,0
002632,周期资源,0,0
002606,公用事业,0,3
002536,制造,0,0
002463,科技,0,0
002383,科技,0,0
002331,科技,0,0
002299,消费,0,0
002293,消费,0,0
002281,科技,0,4
002273,科技,0,0
002265,制造,0,0
002251,消费,0,0
002233,周期资源,3,3
002217,科技,0,0
002165,周期资源,0,0
002056,科技,0,0
001328,消费,0,0
001314,科技,0,0
001258,公用事业,0,0
000989,消费,0,0
000920,周期资源,0,0
000885,公用事业,0,0
000862,公用事业,0,0
000767,公用事业,0,0
000708,周期资源,0,4
000688,周期资源,0,0
000558,消费,0,0
000409,科技,0,0
000088,公用事业,0,3
000049,科技,4,4
688758,消费,0,0
688719,科技,0,4
688619,科技,0,0
688552,科技,0,0
688513,消费,0,0
688378,科技,0,0
688359,科技,0,0
688309,公用事业,0,0
688276,消费,0,0
688267,周期资源,3,3
688230,科技,0,0
688198,消费,0,0
688186,周期资源,0,0
688097,制造,0,0
688080,科技,0,0
605368,公用事业,0,0
605003,消费,0,0
605001,制造,0,3
603897,公用事业,0,0
603893,科技,0,0
603889,制造,3,3
603856,周期资源,3,3
603848,制造,0,0
603686,公用事业,0,0
603638,制造,0,0
603618,公用事业,0,0
603606,公用事业,0,0
603605,消费,0,0
603406,周期资源,0,0
603380,科技,0,4
603209,公用事业,0,3
603186,科技,0,4
603181,周期资源,0,0
603086,周期资源,3,3
601899,周期资源,0,0
600925,周期资源,0,3
600873,周期资源,0,0
600869,公用事业,0,0
600845,科技,0,0
600835,制造,0,0
600663,金融地产,0,3
600660,制造,0,0
600638,金融地产,0,0
600595,周期资源,3,4
600573,消费,0,0
600509,公用事业,0,0
600493,制造,0,0
600388,公用事业,0,0
600346,周期资源,0,4
600312,公用事业,0,0
600301,周期资源,0,0
600118,科技,0,0
600050,科技,0,0
301678,科技,0,0
301629,科技,0,0
301469,制造,0,0
301319,科技,0,0
301287,消费,0,0
301099,科技,0,0
300970,消费,0,0
300890,科技,4,4
300888,消费,0,0
300883,制造,0,0
300858,周期资源,0,0
300796,周期资源,0,0
300725,消费,0,0
300710,科技,0,0
300698,科技,0,0
300694,制造,0,0
300667,制造,0,0
300628,科技,0,0
300623,科技,0,0
300601,消费,0,0
300578,科技,0,0
300553,制造,0,0
300546,科技,0,0
300508,科技,0,0
300498,消费,0,0
300458,科技,0,0
300437,公用事业,0,0
300398,科技,0,4
300270,科技,0,0
300251,消费,0,0
300232,科技,0,0
300224,周期资源,0,3
300200,周期资源,0,0
300125,公用事业,0,0
300030,消费,0,0
002991,消费,0,0
002983,科技,0,0
002967,消费,0,0
002942,周期资源,0,3
002846,制造,0,0
002800,公用事业,0,0
002772,消费,0,0
002735,制造,0,0
002714,消费,0,0
002588,周期资源,0,0
002549,周期资源,0,0
002490,制造,0,0
002408,周期资源,0,0
002391,周期资源,3,3
002302,周期资源,0,0
002298,公用事业,0,0
002219,消费,0,0
002204,制造,0,0
002169,公用事业,0,0
002167,周期资源,0,0
002162,制造,0,0
002108,周期资源,3,3
002066,周期资源,0,0
002064,周期资源,3,3
001333,周期资源,0,0
000975,周期资源,0,0
000913,制造,0,0
000661,消费,0,3
000521,制造,0,0
000030,制造,0,0
688799,消费,0,0
688783,科技,0,0
688660,科技,0,0
688612,制造,0,0
688591,科技,0,0
688528,制造,0,0
688469,科技,0,0
688448,制造,0,0
688369,科技,0,0
688362,科技,0,0
688337,制造,0,0
688329,制造,0,0
688168,科技,0,0
688158,科技,0,0
688146,科技,0,0
688088,科技,0,0
688027,科技,0,0
688018,科技,0,4
605338,消费,0,0
605188,消费,0,0
605179,消费,0,0
605020,周期资源,0,4
603466,消费,0,0
603319,制造,0,0
603281,周期资源,0,0
603123,金融地产,0,0
603093,金融地产,0,3
603081,制造,0,3
603077,周期资源,3,3
603049,制造,0,0
601677,周期资源,3,4
600941,科技,0,0
600930,公用事业,0,0
600929,周期资源,0,3
600888,周期资源,3,3
600782,周期资源,3,0
600711,周期资源,0,0
600510,金融地产,0,0
600389,周期资源,0,0
600360,科技,0,0
600309,周期资源,0,0
600226,公用事业,0,0
600203,科技,0,0
600169,制造,0,0
600143,周期资源,0,4
600114,制造,0,0
600105,科技,0,0
301608,科技,4,4
301598,制造,0,0
301584,消费,0,0
301581,制造,0,0
301421,科技,0,0
301399,制造,0,0
301363,消费,0,0
301290,消费,0,0
301219,周期资源,0,0
301200,制造,0,0
301165,科技,0,0
301082,公用事业,0,0
301080,消费,0,0
301049,公用事业,0,0
301020,制造,0,0
300927,周期资源,0,0
300908,消费,0,0
300880,公用事业,0,0
300841,消费,0,0
300801,周期资源,0,0
300743,科技,0,0
300690,科技,0,0
300668,公用事业,0,0
300593,科技,0,0
300523,科技,0,0
300519,消费,0,0
300515,制造,0,0
300503,制造,0,0
300435,公用事业,0,0
300394,科技,0,0
300377,科技,0,0
300354,制造,0,0
300258,制造,0,0
300249,科技,0,0
300201,制造,0,0
300180,周期资源,0,0
300172,公用事业,0,0
300158,消费,0,0
300019,周期资源,0,0
300018,公用事业,0,0
003023,制造,0,4
003008,消费,0,0
003004,科技,0,0
002993,科技,0,4
002848,制造,0,0
002837,制造,0,0
002825,周期资源,0,0
002788,消费,0,0
002787,制造,0,0
002752,制造,0,0
002722,制造,3,0
002668,制造,0,0
002633,制造,0,0
002557,消费,0,0
002540,周期资源,0,0
002414,科技,0,0
002396,科技,0,0
002294,消费,0,0
002256,公用事业,0,0
002137,科技,0,0
002136,周期资源,0,3
002045,科技,0,0
002026,制造,3,3
002008,制造,0,0
001382,公用事业,0,0
001286,公用事业,0,0
001207,周期资源,0,0
000875,公用事业,0,3
000810,制造,0,0
000739,消费,0,0
000728,金融地产,3,3
000683,周期资源,0,4
000670,科技,0,0
000635,周期资源,0,0
000633,周期资源,0,0
000020,科技,0,0
688606,消费,0,0
688352,科技,0,0
688290,制造,0,0
603400,制造,0,0
603136,消费,0,0
603025,制造,0,0
301479,科技,0,0
301223,制造,0,3
300184,科技,0,0
300012,消费,0,0
002458,消费,0,0
688646,制造,0,0
688596,制造,0,0
688522,科技,0,0
688508,科技,0,0
688368,科技,0,4
688313,科技,0,0
688297,科技,0,0
688197,消费,0,0
688181,科技,4,4
688093,科技,0,0
688048,科技,0,0
605066,公用事业,0,0
605007,制造,0,0
603758,制造,0,0
603727,周期资源,0,0
603708,消费,0,0
603650,周期资源,0,0
603595,科技,0,4
603223,周期资源,0,0
603183,消费,0,0
603115,科技,0,0
600976,消费,0,0
600936,科技,0,0
600872,消费,0,0
600763,消费,0,0
600746,周期资源,0,3
600674,公用事业,0,0
300855,周期资源,0,0
300653,消费,0,0
300401,消费,0,0
300373,科技,0,4
300303,科技,0,0
300222,公用事业,0,0
300188,科技,0,0
300136,科技,0,0
003006,消费,0,0
002968,金融地产,0,0
002917,周期资源,0,3
002817,消费,0,0
002749,周期资源,0,0
002664,制造,0,0
002415,科技,0,0
002413,科技,0,0
002268,科技,0,0
002262,消费,0,0
002248,制造,0,0
002236,科技,0,0
002200,公用事业,0,0
002119,科技,0,0
002016,金融地产,0,3
000959,周期资源,3,3
000408,周期资源,0,0
000404,制造,0,3
688510,科技,0,0
688148,科技,0,0
603919,消费,0,0
603877,消费,0,0
603799,周期资源,0,0
603725,制造,0,0
603256,周期资源,0,0
603227,周期资源,0,0
603162,公用事业,0,0
603138,科技,0,0
601933,消费,0,0
600961,周期资源,0,0
600829,消费,0,0
600655,消费,0,3
301551,消费,0,0
301256,周期资源,0,0
301158,制造,0,0
300773,金融地产,0,0
300703,消费,0,0
300557,制造,0,0
300505,周期资源,0,0
300415,制造,0,0
300337,周期资源,0,0
300308,科技,0,0
002655,科技,0,0
002353,制造,0,0
002334,制造,0,0
002271,周期资源,0,3
001205,公用事业,0,0
688668,科技,0,0
688525,科技,0,0
688273,消费,0,0
605507,消费,0,0
603129,制造,0,0
603102,消费,0,0
603061,科技,0,4
601877,公用事业,0,0
600702,消费,0,0
600318,金融地产,0,0
301377,制造,0,0
300996,科技,0,0
300967,消费,0,0
300750,科技,0,4
300433,科技,0,0
002546,公用事业,0,0
000506,周期资源,0,0
688682,科技,0,0
688315,消费,0,0
301563,科技,0,0
300977,公用事业,0,0
300681,制造,0,0
300550,科技,0,0
300522,周期资源,0,0
300409,科技,0,0
300243,周期资源,0,4
002741,科技,0,0
002615,制造,0,0
002479,公用事业,0,3
002380,科技,4,4
002272,制造,0,0
002196,制造,0,0
002128,周期资源,0,0
002083,制造,0,3
000990,周期资源,3,4
000703,周期资源,0,0
000655,周期资源,0,3
688486,科技,0,0
605228,制造,0,0
603132,周期资源,0,0
600063,周期资源,3,3
300768,科技,0,0
002648,周期资源,0,0
002150,制造,0,0
002134,科技,0,0
000933,周期资源,0,4
000430,消费,0,0
002998,周期资源,3,3
688475,科技,0,0
603063,科技,0,0
600550,公用事业,0,0
600379,公用事业,0,0
000400,公用事业,0,0
603588,公用事业,0,0
300610,周期资源,3,0
300442,科技,0,0
002865,科技,0,0
688252,科技,0,0
688041,科技,0,0
002306,消费,0,0
002107,消费,0,0
