code,year,quarter,roe,gross_margin,net_margin,profit_yoy,asset_turnover,inventory_turnover,forward_return,industry,usable
sh600019,2022,1,0.019353,0.095823,0.050737,-0.280032,0.222246,1.504347,0.1316246919437409,钢铁,True
sh600019,2022,2,0.040529,0.100141,0.049175,-0.462174,0.467762,3.09595,0.2122141766941491,钢铁,True
sh600019,2022,3,0.048952,0.088968,0.039487,-0.544041,0.716051,5.124318,0.34868871799542456,钢铁,True
sh600019,2022,4,0.063217,0.05842,0.038145,-0.469707,0.947947,6.94516,0.08467390724787452,钢铁,True
sh600019,2023,1,0.009433,0.052748,0.027752,-0.499958,0.199251,1.429988,0.08467390724787452,钢铁,True
sh600019,2023,2,0.023236,0.05096,0.030791,-0.420886,0.4392,3.352414,0.11102189206629456,钢铁,True
sh600019,2023,3,0.042478,0.061634,0.037914,-0.120003,0.65773,4.951342,0.09270367902551228,钢铁,True
sh600019,2023,4,0.060484,0.062042,0.039887,-0.020529,0.890786,6.775873,0.032524676920730695,钢铁,True
sh600019,2024,1,0.009581,0.051295,0.028299,0.048392,0.215108,1.611428,0.032524676920730695,钢铁,True
sh600019,2024,2,0.02269,0.057289,0.032109,0.002243,0.438832,3.30603,0.11628036655263468,钢铁,True
sh600019,2024,3,0.029458,0.052617,0.028364,-0.287556,0.653513,5.081981,0.1677977769524098,钢铁,True
sh600019,2024,4,0.036729,0.054544,0.026598,-0.376486,0.869496,6.937716,-0.04693831676635795,钢铁,True
sh600019,2025,1,0.012059,0.072211,0.037955,0.209551,0.19889,1.600089,-0.04693831676635795,钢铁,False
sh600019,2025,2,0.024136,0.0688,0.036271,0.047425,0.411905,3.384573,-0.2138880825951668,钢铁,False
sh600019,2025,3,0.039325,0.071867,0.038323,0.29314,0.627244,5.236338,-0.23066488275463137,钢铁,False
sh600019,2025,4,0.050874,0.072392,0.035943,0.332,0.872402,7.335962,-0.10142633690992603,钢铁,False
sh600282,2022,1,0.026712,0.117282,0.041348,-0.279544,0.288278,1.849701,0.07881261189832564,钢铁,True
sh600282,2022,2,0.056999,0.117607,0.045013,-0.306381,0.55564,3.579547,0.29326093162803335,钢铁,True
sh600282,2022,3,0.079289,0.1203,0.041491,-0.405116,0.813255,5.62765,0.3383275358028346,钢铁,True
sh600282,2022,4,0.082407,0.107549,0.03288,-0.451569,1.067671,8.296121,0.600975520839267,钢铁,True
sh600282,2023,1,0.014358,0.094129,0.024101,-0.420163,0.236376,2.201494,0.600975520839267,钢铁,True
sh600282,2023,2,0.038412,0.105455,0.029779,-0.337104,0.481149,4.673449,0.29073890188157003,钢铁,True
sh600282,2023,3,0.06392,0.10626,0.032293,-0.166672,0.732566,6.588922,0.2285867013511485,钢铁,True
sh600282,2023,4,0.080788,0.10599,0.030942,-0.033953,0.981294,8.243783,-0.14575091109631455,钢铁,True
sh600282,2024,1,0.020816,0.103001,0.032898,0.286846,0.230446,1.7362,-0.14575091109631455,钢铁,True
sh600282,2024,2,0.047325,0.111499,0.036585,0.120719,0.472238,3.563637,0.05539710777314779,钢铁,True
sh600282,2024,3,0.067055,0.118839,0.035848,-0.029242,0.699989,5.274102,0.2625368940995664,钢铁,True
sh600282,2024,4,0.086008,0.11912,0.035469,-0.023305,0.868838,6.388189,0.30220549157467,钢铁,True
sh600282,2025,1,0.021978,0.117935,0.039314,0.016586,0.210459,1.654902,0.30220549157467,钢铁,False
sh600282,2025,2,0.055251,0.131657,0.048476,0.138784,0.413835,3.190231,0.09068514333514945,钢铁,False
sh600282,2025,3,0.082144,0.137965,0.048253,0.18199,0.621733,4.598947,-0.07742581670415366,钢铁,False
sh600282,2025,4,0.10671,0.140737,0.047549,0.257839,0.834154,6.001806,-0.10138878250404573,钢铁,False
sh600507,2022,1,0.055602,0.154589,0.102479,-0.033046,0.231403,2.782782,-0.30570315178087826,钢铁,True
sh600507,2022,2,0.10735,0.111145,0.069039,-0.385934,0.622363,7.132853,-0.2447761194029851,钢铁,True
sh600507,2022,3,0.12456,0.09636,0.059073,-0.506771,0.837479,11.369455,-0.12807017543859647,钢铁,True
sh600507,2022,4,0.103353,0.084432,0.038575,-0.675144,1.240702,13.648946,-0.18431372549019612,钢铁,True
sh600507,2023,1,0.012631,0.059669,0.025359,-0.802535,0.23032,2.379055,-0.18431372549019612,钢铁,True
sh600507,2023,2,0.032525,0.052593,0.020968,,0.648639,7.701801,-0.1901575664100824,钢铁,True
sh600507,2023,3,,,,,,,-0.09098038387396516,钢铁,True
sh600507,2023,4,,,,,,,0.09586671136683737,钢铁,True
sh600507,2024,1,,,,,,,0.09586671136683737,钢铁,True
sh600507,2024,2,,,,,,,0.4730719704458363,钢铁,True
sh600507,2024,3,,,,,,,0.3521074581916547,钢铁,True
sh600507,2024,4,0.026773,0.047957,0.011693,-0.630861,1.104924,13.014623,0.31731933052834227,钢铁,True
sh600507,2025,1,0.026567,0.10043,0.057763,1.515654,0.212442,2.776298,0.31731933052834227,钢铁,False
sh600507,2025,2,0.042795,0.091409,0.046689,1.422237,0.409419,5.776704,-0.287902474977937,钢铁,False
sh600507,2025,3,0.081656,0.104374,0.059742,3.057075,0.641051,8.42795,-0.29632254706434646,钢铁,False
sh600507,2025,4,0.096893,0.09652,0.051981,2.759518,0.941382,12.336984,-0.28423186917885424,钢铁,False
sh601121,2022,1,,0.28184,0.211759,,0.062157,,0.39936608557844705,钢铁,True
sh601121,2022,2,0.064475,0.397122,0.314918,0.093034,0.123763,1.975961,0.2653661289380865,钢铁,True
sh601121,2022,3,,0.396986,0.323723,,0.206125,,0.17026217784592462,钢铁,True
sh601121,2022,4,0.099437,0.379683,0.298057,-0.176476,0.189626,3.26586,-0.2385933534564197,钢铁,True
sh601121,2023,1,0.012265,0.334971,0.244941,-0.1636,0.02843,1.143291,-0.2385933534564197,钢铁,True
sh601121,2023,2,0.02668,0.379618,0.238205,-0.435572,0.065851,2.80347,-0.24971431537807612,钢铁,True
sh601121,2023,3,0.066532,0.38161,0.362744,-0.091802,0.099762,4.138219,-0.12326775319566474,钢铁,True
sh601121,2023,4,0.072174,0.370939,0.269805,0.030858,0.158298,6.29875,-0.10239077803291721,钢铁,True
sh601121,2024,1,0.013154,0.45137,0.282982,0.922393,0.039246,1.865023,-0.10239077803291721,钢铁,True
sh601121,2024,2,0.03371,0.495476,0.315307,1.245087,0.093362,3.370678,0.11775224268724375,钢铁,True
sh601121,2024,3,0.055669,0.478902,0.304616,0.500625,0.155298,6.313613,0.18714566283021913,钢铁,True
sh601121,2024,4,0.04542,0.439434,0.229394,0.173912,0.188086,5.667471,0.35729916810403983,钢铁,True
sh601121,2025,1,0.006554,0.312595,0.137006,-0.395806,0.046464,1.451171,0.35729916810403983,钢铁,False
sh601121,2025,2,0.020079,0.337708,0.156451,-0.386487,0.10883,3.318745,-0.06052762065963284,钢铁,False
sh601121,2025,3,0.037469,0.345559,0.171252,-0.339612,0.168661,5.160425,-0.18150077635551573,钢铁,False
sh601121,2025,4,0.045141,0.36061,0.149557,-0.121284,0.235149,6.74207,-0.2319994431099312,钢铁,False
sh601969,2022,1,0.034032,0.356262,0.223626,0.215199,0.099967,2.02449,-0.09411764705882356,钢铁,True
sh601969,2022,2,0.074798,0.340799,0.192131,-0.159462,0.242476,5.302172,-0.12809483127509247,钢铁,True
sh601969,2022,3,0.100259,0.327832,0.188848,-0.332981,0.333533,7.670822,0.028454391092374,钢铁,True
sh601969,2022,4,0.103236,0.28618,0.144788,-0.272729,0.42285,9.42215,0.056990767311923325,钢铁,True
sh601969,2023,1,0.025375,0.265858,0.132067,-0.349687,0.105583,2.034603,0.056990767311923325,钢铁,True
sh601969,2023,2,0.047206,0.260414,0.126015,-0.42696,0.20645,4.205015,-0.15668236121103812,钢铁,True
sh601969,2023,3,0.073959,0.258549,0.129761,-0.329656,0.315207,7.317016,0.06218894196476376,钢铁,True
sh601969,2023,4,0.095828,0.314726,0.133719,-0.10535,0.387336,9.088296,-0.016230821605170257,钢铁,True
sh601969,2024,1,0.036737,0.370302,0.222685,0.530144,0.090838,1.995144,-0.016230821605170257,钢铁,True
sh601969,2024,2,0.059932,0.326566,0.183183,0.324086,0.177892,3.51118,0.37277105358759666,钢铁,True
sh601969,2024,3,0.081033,0.308977,0.170211,0.124336,0.254068,5.101276,0.42522588608358225,钢铁,True
sh601969,2024,4,0.10327,0.348154,0.159675,0.037608,0.325226,7.586033,0.776042494636646,钢铁,True
sh601969,2025,1,0.022787,0.27872,0.131044,-0.369363,0.088472,1.803916,0.776042494636646,钢铁,False
sh601969,2025,2,0.039997,0.241671,0.113486,-0.315677,0.175668,3.376181,0.06286290260800174,钢铁,False
sh601969,2025,3,0.044646,0.241155,0.08896,-0.446366,0.247919,4.572792,-0.14075948197183427,钢铁,False
sh601969,2025,4,0.062244,0.258689,0.091614,-0.376784,0.322559,5.837295,-0.31429374849101405,钢铁,False
sh603878,2022,1,0.012999,0.112854,0.057071,-0.360232,0.156765,0.541293,1.195153050559022,钢铁,True
sh603878,2022,2,0.033504,0.128239,0.064997,-0.174179,0.353783,1.174191,0.7125933551434507,钢铁,True
sh603878,2022,3,0.057487,0.136216,0.070245,-0.087778,0.566646,1.926598,0.044880988964494876,钢铁,True
sh603878,2022,4,0.085155,0.143044,0.076015,0.220019,0.768409,2.475923,0.005783074613511908,钢铁,True
sh603878,2023,1,0.027756,0.14259,0.083676,1.247859,0.223967,0.638174,0.005783074613511908,钢铁,True
sh603878,2023,2,0.070892,0.158902,0.100675,1.232872,0.469865,1.244176,-0.18461435190429482,钢铁,True
sh603878,2023,3,0.102918,0.167805,0.100341,0.906353,0.667793,1.883924,-0.17839129491214764,钢铁,True
sh603878,2023,4,0.130717,0.166576,0.100019,0.634291,0.870674,2.493115,-0.3630282066030049,钢铁,True
sh603878,2024,1,0.024013,0.183462,0.093183,-0.063349,0.171769,0.49769,-0.3630282066030049,钢铁,True
sh603878,2024,2,0.05144,0.165991,0.091358,-0.239714,0.37133,1.098581,-0.085834066406777,钢铁,True
sh603878,2024,3,0.062428,0.16305,0.081624,-0.375032,0.508525,1.528716,0.932560977560156,钢铁,True
sh603878,2024,4,0.046558,0.151635,0.04741,-0.642468,0.638601,1.951756,0.5833373601058451,钢铁,True
sh603878,2025,1,0.011597,0.162817,0.062832,-0.554264,0.118733,0.374848,0.5833373601058451,钢铁,False
sh603878,2025,2,0.028905,0.144139,0.067358,-0.460457,0.273167,0.885162,-0.04140660246465077,钢铁,False
sh603878,2025,3,0.033148,0.134035,0.050502,-0.491363,0.417477,1.42867,-0.48516609352901874,钢铁,False
sh603878,2025,4,0.030462,0.11366,0.034096,-0.366668,0.579076,2.177844,-0.3187355099277077,钢铁,False
sz000709,2022,1,0.006086,0.102543,0.011739,-0.254799,0.126409,1.398954,0.03278706355430313,钢铁,True
sz000709,2022,2,0.019082,0.092313,0.015017,-0.337255,0.296397,3.355594,-0.11740298461166092,钢铁,True
sz000709,2022,3,0.02241,0.083999,0.011832,-0.502001,0.444742,5.178955,0.05094137985472697,钢铁,True
sz000709,2022,4,0.026328,0.092955,0.011012,-0.473239,0.577751,6.271308,-0.043073896481526125,钢铁,True
sz000709,2023,1,0.004628,0.099588,0.009357,-0.183787,0.125462,1.337292,-0.043073896481526125,钢铁,True
sz000709,2023,2,0.009147,0.089816,0.009629,-0.42683,0.253019,2.71945,-0.1780737626523155,钢铁,True
sz000709,2023,3,0.014258,0.091117,0.009992,-0.265835,0.375004,3.883168,0.007377884006236692,钢铁,True
sz000709,2023,4,0.019206,0.102154,0.009693,-0.246716,0.472321,5.202892,0.01172801474772507,钢铁,True
sz000709,2024,1,0.002743,0.09387,0.006174,-0.383686,0.112862,1.313593,0.01172801474772507,钢铁,True
sz000709,2024,2,0.007048,0.088262,0.00822,-0.219798,0.219578,2.603642,0.25332008406895123,钢铁,True
sz000709,2024,3,0.009708,0.085263,0.007207,-0.326307,0.332023,3.966974,0.15062534264052613,钢铁,True
sz000709,2024,4,0.012182,0.096522,0.006585,-0.326856,0.454114,5.091298,0.08779904838872393,钢铁,True
sz000709,2025,1,0.003946,0.091572,0.008074,0.43037,0.120035,1.354142,0.08779904838872393,钢铁,False
sz000709,2025,2,0.010208,0.085699,0.010736,0.472382,0.247344,2.684204,-0.1583333333333333,钢铁,False
sz000709,2025,3,0.014027,0.080479,0.010476,0.570769,0.357007,3.998939,-0.19521912350597603,钢铁,False
sz000709,2025,4,0.017061,0.106541,0.009012,0.329458,0.436946,4.642607,-0.1330472103004292,钢铁,False
sz000932,2022,1,0.045423,0.118012,0.056469,0.056573,0.379769,3.155317,-0.07488293452372691,钢铁,True
sz000932,2022,2,0.082314,0.113014,0.049837,-0.293969,0.769993,5.874285,0.3802391689372842,钢铁,True
sz000932,2022,3,0.10902,0.107857,0.047148,-0.29237,1.138089,10.200377,0.5322437584130398,钢铁,True
sz000932,2022,4,0.133794,0.103232,0.045657,-0.266809,1.490715,12.759671,0.09099262659597376,钢铁,True
sz000932,2023,1,0.0137,0.074197,0.024715,-0.57516,0.320805,2.869692,0.09099262659597376,钢铁,True
sz000932,2023,2,0.050996,0.093008,0.040489,-0.236232,0.636604,5.871824,-0.18715511477123561,钢铁,True
sz000932,2023,3,0.080292,0.098571,0.043497,-0.111176,0.961129,8.274772,-0.1562568446361081,钢铁,True
sz000932,2023,4,0.098423,0.094027,0.040511,-0.134879,1.301033,11.074412,-0.01747336824405937,钢铁,True
sz000932,2024,1,0.007328,0.058637,0.019662,-0.261464,0.272051,2.361462,-0.01747336824405937,钢铁,True
sz000932,2024,2,0.02508,0.070286,0.026031,-0.386308,0.534496,5.038799,0.24557730654096546,钢铁,True
sz000932,2024,3,0.033205,0.06973,0.024653,-0.473893,0.764555,7.554047,0.2589549196149755,钢铁,True
sz000932,2024,4,0.038007,0.068362,0.022202,-0.518121,1.028912,10.104864,-0.029006483053759743,钢铁,True
sz000932,2025,1,0.010409,0.090812,0.027659,0.146165,0.19974,2.302696,-0.029006483053759743,钢铁,False
sz000932,2025,2,0.032272,0.098549,0.036791,0.172875,0.41833,4.899224,-0.35335689045936397,钢铁,False
sz000932,2025,3,0.045996,0.098393,0.035566,0.226795,0.629305,7.177088,-0.3656845753899479,钢铁,False
sz000932,2025,4,0.047746,0.097142,0.03195,0.209652,0.820782,9.160373,-0.21120689655172406,钢铁,False
sz000959,2022,1,0.024884,0.084014,0.038394,-0.119988,0.215793,2.417169,-0.18471139088564223,钢铁,True
sz000959,2022,2,0.038589,0.075873,0.031446,-0.518216,0.433414,4.671327,-0.031163227243128557,钢铁,True
sz000959,2022,3,0.039256,0.068161,0.022787,-0.696367,0.624497,7.241411,0.1345029239766082,钢铁,True
sz000959,2022,4,0.025052,0.059882,0.012776,-0.820706,0.813693,9.3096,-0.1401617250673854,钢铁,True
sz000959,2023,1,-0.001213,0.043733,-0.001746,-1.040556,0.201075,2.267277,-0.1401617250673854,钢铁,True
sz000959,2023,2,0.008456,0.05313,0.008243,-0.768352,0.402908,4.493653,-0.2983988734527268,钢铁,True
sz000959,2023,3,0.019454,0.056832,0.012119,-0.517579,0.597674,6.412273,-0.14541700714982395,钢铁,True
sz000959,2023,4,0.013626,0.046681,0.006626,-0.500598,0.810575,8.985962,0.14400690651558284,钢铁,True
sz000959,2024,1,-0.000491,0.030025,-0.000267,0.842708,0.214958,2.359886,0.14400690651558284,钢铁,True
sz000959,2024,2,0.007952,0.038893,0.007521,-0.098434,0.415117,4.613192,0.5072059045548519,钢铁,True
sz000959,2024,3,0.004119,0.037406,0.003756,-0.70117,0.60299,6.870769,0.2881782289046094,钢铁,True
sz000959,2024,4,0.009508,0.04051,0.005495,-0.210468,0.804162,8.826299,0.27074423783672724,钢铁,True
sz000959,2025,1,0.006586,0.051126,0.013255,45.589219,0.201318,2.269241,0.27074423783672724,钢铁,False
sz000959,2025,2,0.013176,0.051689,0.013881,0.709875,0.401985,4.651321,-0.23444976076555016,钢铁,False
sz000959,2025,3,0.019061,0.052546,0.01336,2.351383,0.591003,6.686305,-0.23809523809523808,钢铁,False
sz000959,2025,4,0.019923,0.050188,0.010444,0.781112,0.801578,9.009326,-0.29824561403508765,钢铁,False
sz001203,2022,1,0.08563,0.553404,0.342355,0.270442,0.151648,1.434261,0.03421052631578962,钢铁,True
sz001203,2022,2,0.140089,0.471373,0.281516,-0.158113,0.304401,3.55743,0.025153555419861424,钢铁,True
sz001203,2022,3,0.165835,0.438919,0.25409,-0.347226,0.38812,4.858561,-0.04952243085664133,钢铁,True
sz001203,2022,4,0.174449,0.452066,0.240667,-0.398927,0.419759,4.702876,-0.055742635102128145,钢铁,True
sz001203,2023,1,0.030871,0.50736,0.302502,-0.566319,0.05691,0.504271,-0.055742635102128145,钢铁,True
sz001203,2023,2,0.087904,0.513501,0.28143,-0.321785,0.165637,1.452936,-0.24333925399644746,钢铁,True
sz001203,2023,3,0.140692,0.52769,0.291956,-0.109237,0.240706,2.482327,-0.21702819469871804,钢铁,True
sz001203,2023,4,0.188587,0.534857,0.285007,0.045236,0.319756,3.502709,-0.2291749735475478,钢铁,True
sz001203,2024,1,,,,,,,-0.2291749735475478,钢铁,True
sz001203,2024,2,,,,,,,0.3897904351602759,钢铁,True
sz001203,2024,3,,,,,,,1.3501558384118224,钢铁,True
sz001203,2024,4,,,,,,,5.456909072985589,钢铁,True
sz001203,2025,1,,,,,,,5.456909072985589,钢铁,False
sz001203,2025,2,,,,,,,1.7724498692240624,钢铁,False
sz001203,2025,3,,,,,,,0.6307692307692309,钢铁,False
sz001203,2025,4,,,,,,,-0.39208564328044354,钢铁,False
sz000568,2022,1,,,,,,,0.06903864339942199,白酒,True
sz000568,2022,2,,,,,,,0.09247968235378286,白酒,True
sz000568,2022,3,,,,,,,0.39810120501399315,白酒,True
sz000568,2022,4,,,,,,,-0.1429876893113407,白酒,True
sz000568,2023,1,,,,,,,-0.1429876893113407,白酒,True
sz000568,2023,2,,,,,,,-0.4480319093141281,白酒,True
sz000568,2023,3,,,,,,,-0.33945769699232464,白酒,True
sz000568,2023,4,,,,,,,-0.2962138523512613,白酒,True
sz000568,2024,1,,,,,,,-0.2962138523512613,白酒,True
sz000568,2024,2,,,,,,,-0.00439698066096439,白酒,True
sz000568,2024,3,,,,,,,0.04180733771112584,白酒,True
sz000568,2024,4,,,,,,,-0.151769265122204,白酒,True
sz000568,2025,1,,,,,,,-0.151769265122204,白酒,False
sz000568,2025,2,,,,,,,-0.3312813813147344,白酒,False
sz000568,2025,3,,,,,,,-0.41097426319136937,白酒,False
sz000568,2025,4,,,,,,,-0.21698301698301697,白酒,False
sz000596,2022,1,,,,,,,0.44043707840708274,白酒,True
sz000596,2022,2,,,,,,,0.17389594265676928,白酒,True
sz000596,2022,3,,,,,,,0.433440030542763,白酒,True
sz000596,2022,4,,,,,,,-0.06049886390888381,白酒,True
sz000596,2023,1,,,,,,,-0.06049886390888381,白酒,True
sz000596,2023,2,,,,,,,-0.2946254880133224,白酒,True
sz000596,2023,3,,,,,,,-0.3113632659348997,白酒,True
sz000596,2023,4,,,,,,,-0.3782696429192318,白酒,True
sz000596,2024,1,,,,,,,-0.3782696429192318,白酒,True
sz000596,2024,2,,,,,,,-0.23604022301478983,白酒,True
sz000596,2024,3,,,,,,,-0.10830277665510558,白酒,True
sz000596,2024,4,,,,,,,-0.31815586240282906,白酒,True
sz000596,2025,1,,,,,,,-0.31815586240282906,白酒,False
sz000596,2025,2,,,,,,,-0.4069235088635038,白酒,False
sz000596,2025,3,,,,,,,-0.49242229991492037,白酒,False
sz000596,2025,4,,,,,,,-0.24368180546488863,白酒,False
sh603369,2022,1,,,,,,,0.3684598707292175,白酒,True
sh603369,2022,2,,,,,,,0.3250801474797061,白酒,True
sh603369,2022,3,,,,,,,0.5857574394398241,白酒,True
sh603369,2022,4,,,,,,,-0.05195870823794451,白酒,True
sh603369,2023,1,,,,,,,-0.05195870823794451,白酒,True
sh603369,2023,2,,,,,,,-0.26295496781988886,白酒,True
sh603369,2023,3,,,,,,,-0.23444802595568645,白酒,True
sh603369,2023,4,,,,,,,-0.15824952748566426,白酒,True
sh603369,2024,1,,,,,,,-0.15824952748566426,白酒,True
sh603369,2024,2,,,,,,,-0.08606417536947769,白酒,True
sh603369,2024,3,,,,,,,-0.09124012870219264,白酒,True
sh603369,2024,4,,,,,,,-0.4048016657315666,白酒,True
sh603369,2025,1,,,,,,,-0.4048016657315666,白酒,False
sh603369,2025,2,,,,,,,-0.3452054435060274,白酒,False
sh603369,2025,3,,,,,,,-0.33727774022029416,白酒,False
sh603369,2025,4,,,,,,,-0.062431555224191575,白酒,False
sh603198,2022,1,,,,,,,0.06778109335453479,白酒,True
sh603198,2022,2,,,,,,,0.28000690508872966,白酒,True
sh603198,2022,3,,,,,,,0.6606734473944946,白酒,True
sh603198,2022,4,,,,,,,0.17046442411112303,白酒,True
sh603198,2023,1,,,,,,,0.17046442411112303,白酒,True
sh603198,2023,2,,,,,,,-0.23666163880610933,白酒,True
sh603198,2023,3,,,,,,,-0.19990227510400824,白酒,True
sh603198,2023,4,,,,,,,-0.3692021582344443,白酒,True
sh603198,2024,1,,,,,,,-0.3692021582344443,白酒,True
sh603198,2024,2,,,,,,,-0.18455992245832906,白酒,True
sh603198,2024,3,,,,,,,-0.26925109842384415,白酒,True
sh603198,2024,4,,,,,,,-0.10219779555409393,白酒,True
sh603198,2025,1,,,,,,,-0.10219779555409393,白酒,False
sh603198,2025,2,,,,,,,-0.22353141797268886,白酒,False
sh603198,2025,3,,,,,,,-0.24771590424630963,白酒,False
sh603198,2025,4,,,,,,,-0.16100526373575275,白酒,False
sz002304,2022,1,,,,,,,-0.08501144070576826,白酒,True
sz002304,2022,2,,,,,,,-0.1091348591373871,白酒,True
sz002304,2022,3,,,,,,,-0.04019957355408444,白酒,True
sz002304,2022,4,,,,,,,-0.3268212605396013,白酒,True
sz002304,2023,1,,,,,,,-0.3268212605396013,白酒,True
sz002304,2023,2,,,,,,,-0.41055503583371955,白酒,True
sz002304,2023,3,,,,,,,-0.30428915280971813,白酒,True
sz002304,2023,4,,,,,,,-0.21478589039612064,白酒,True
sz002304,2024,1,,,,,,,-0.21478589039612064,白酒,True
sz002304,2024,2,,,,,,,-0.12030816994891919,白酒,True
sz002304,2024,3,,,,,,,-0.060560634784348685,白酒,True
sz002304,2024,4,,,,,,,-0.2566759536120499,白酒,True
sz002304,2025,1,,,,,,,-0.2566759536120499,白酒,False
sz002304,2025,2,,,,,,,-0.4045360213459827,白酒,False
sz002304,2025,3,,,,,,,-0.4326271186440678,白酒,False
sz002304,2025,4,,,,,,,-0.18403412553321136,白酒,False
sh600519,2022,1,,,,,,,-0.024871740461775156,白酒,True
sh600519,2022,2,,,,,,,0.02299740989629501,白酒,True
sh600519,2022,3,,,,,,,0.2831319740108901,白酒,True
sh600519,2022,4,,,,,,,0.0007158791969095014,白酒,True
sh600519,2023,1,,,,,,,0.0007158791969095014,白酒,True
sh600519,2023,2,,,,,,,-0.2196738730694447,白酒,True
sh600519,2023,3,,,,,,,-0.06360229776957778,白酒,True
sh600519,2023,4,,,,,,,-0.05939075951420345,白酒,True
sh600519,2024,1,,,,,,,-0.05939075951420345,白酒,True
sh600519,2024,2,,,,,,,0.035825680407147585,白酒,True
sh600519,2024,3,,,,,,,-0.03073410652880528,白酒,True
sh600519,2024,4,,,,,,,-0.0717686800388014,白酒,True
sh600519,2025,1,,,,,,,-0.0717686800388014,白酒,False
sh600519,2025,2,,,,,,,-0.13289229176629333,白酒,False
sh600519,2025,3,,,,,,,-0.1379493740850667,白酒,False
sh600519,2025,4,,,,,,,-0.12470482889102323,白酒,False
sh600809,2022,1,,,,,,,-0.09996173975378095,白酒,True
sh600809,2022,2,,,,,,,-0.10646286407216661,白酒,True
sh600809,2022,3,,,,,,,0.0814092356367775,白酒,True
sh600809,2022,4,,,,,,,0.11567867170052529,白酒,True
sh600809,2023,1,,,,,,,0.11567867170052529,白酒,True
sh600809,2023,2,,,,,,,-0.21090851535037552,白酒,True
sh600809,2023,3,,,,,,,-0.16926835965270448,白酒,True
sh600809,2023,4,,,,,,,-0.19344638618869786,白酒,True
sh600809,2024,1,,,,,,,-0.19344638618869786,白酒,True
sh600809,2024,2,,,,,,,0.005364377244468328,白酒,True
sh600809,2024,3,,,,,,,-0.0182938124042763,白酒,True
sh600809,2024,4,,,,,,,-0.282956711727536,白酒,True
sh600809,2025,1,,,,,,,-0.282956711727536,白酒,False
sh600809,2025,2,,,,,,,-0.384804469273743,白酒,False
sh600809,2025,3,,,,,,,-0.4219422572178477,白酒,False
sh600809,2025,4,,,,,,,-0.23181025462155558,白酒,False
sh603589,2022,1,,,,,,,0.17364202143686153,白酒,True
sh603589,2022,2,,,,,,,0.22285712607075034,白酒,True
sh603589,2022,3,,,,,,,0.27327084659744727,白酒,True
sh603589,2022,4,,,,,,,-0.2739260589263134,白酒,True
sh603589,2023,1,,,,,,,-0.2739260589263134,白酒,True
sh603589,2023,2,,,,,,,-0.3479805180558092,白酒,True
sh603589,2023,3,,,,,,,-0.19680308431990715,白酒,True
sh603589,2023,4,,,,,,,-0.11479301286034603,白酒,True
sh603589,2024,1,,,,,,,-0.11479301286034603,白酒,True
sh603589,2024,2,,,,,,,-0.0947606179129858,白酒,True
sh603589,2024,3,,,,,,,-0.13134566813088905,白酒,True
sh603589,2024,4,,,,,,,-0.30396953983542385,白酒,True
sh603589,2025,1,,,,,,,-0.30396953983542385,白酒,False
sh603589,2025,2,,,,,,,-0.42578125000000006,白酒,False
sh603589,2025,3,,,,,,,-0.4105490438001234,白酒,False
sh603589,2025,4,,,,,,,-0.19907795473595977,白酒,False
sz000858,2022,1,,,,,,,0.061935228360564476,白酒,True
sz000858,2022,2,,,,,,,0.03707219214391461,白酒,True
sz000858,2022,3,,,,,,,0.1956568760070935,白酒,True
sz000858,2022,4,,,,,,,-0.08895570586771867,白酒,True
sz000858,2023,1,,,,,,,-0.08895570586771867,白酒,True
sz000858,2023,2,,,,,,,-0.27309923150842863,白酒,True
sz000858,2023,3,,,,,,,-0.023844071467398406,白酒,True
sz000858,2023,4,,,,,,,-0.09477794519673316,白酒,True
sz000858,2024,1,,,,,,,-0.09477794519673316,白酒,True
sz000858,2024,2,,,,,,,-0.0005453358803752155,白酒,True
sz000858,2024,3,,,,,,,-0.15187463216949207,白酒,True
sz000858,2024,4,,,,,,,-0.20817659554856802,白酒,True
sz000858,2025,1,,,,,,,-0.20817659554856802,白酒,False
sz000858,2025,2,,,,,,,-0.36652043442675497,白酒,False
sz000858,2025,3,,,,,,,-0.355021015470219,白酒,False
sz000858,2025,4,,,,,,,-0.22744128553770085,白酒,False
sh600559,2022,1,,,,,,,0.4288030268704872,白酒,True
sh600559,2022,2,,,,,,,0.07640669995409931,白酒,True
sh600559,2022,3,,,,,,,0.13347399436444043,白酒,True
sh600559,2022,4,,,,,,,-0.2961467679581581,白酒,True
sh600559,2023,1,,,,,,,-0.2961467679581581,白酒,True
sh600559,2023,2,,,,,,,-0.36272152214139175,白酒,True
sh600559,2023,3,,,,,,,-0.11862385487772137,白酒,True
sh600559,2023,4,,,,,,,-0.1795044913470813,白酒,True
sh600559,2024,1,,,,,,,-0.1795044913470813,白酒,True
sh600559,2024,2,,,,,,,-0.017311159063099033,白酒,True
sh600559,2024,3,,,,,,,-0.147878307744808,白酒,True
sh600559,2024,4,,,,,,,-0.19202317454254286,白酒,True
sh600559,2025,1,,,,,,,-0.19202317454254286,白酒,False
sh600559,2025,2,,,,,,,-0.2932061978545889,白酒,False
sh600559,2025,3,,,,,,,-0.2982248520710059,白酒,False
sh600559,2025,4,,,,,,,-0.12601326455416365,白酒,False
sh600197,2022,1,,,,,,,0.0936216967388606,白酒,True
sh600197,2022,2,,,,,,,-0.04047632809243271,白酒,True
sh600197,2022,3,,,,,,,0.21057540156510723,白酒,True
sh600197,2022,4,,,,,,,-0.2135986862756819,白酒,True
sh600197,2023,1,,,,,,,-0.2135986862756819,白酒,True
sh600197,2023,2,,,,,,,-0.361948264864372,白酒,True
sh600197,2023,3,,,,,,,-0.2333950373139229,白酒,True
sh600197,2023,4,,,,,,,-0.27722354575793495,白酒,True
sh600197,2024,1,,,,,,,-0.27722354575793495,白酒,True
sh600197,2024,2,,,,,,,-0.08404822344096527,白酒,True
sh600197,2024,3,,,,,,,-0.09592503260038024,白酒,True
sh600197,2024,4,,,,,,,-0.1314526229243467,白酒,True
sh600197,2025,1,,,,,,,-0.1314526229243467,白酒,False
sh600197,2025,2,,,,,,,-0.3269362577107608,白酒,False
sh600197,2025,3,,,,,,,-0.33513879485443465,白酒,False
sh600197,2025,4,,,,,,,-0.199021207177814,白酒,False
sh603919,2022,1,,,,,,,-0.13910218086708642,白酒,True
sh603919,2022,2,,,,,,,-0.10747241613366976,白酒,True
sh603919,2022,3,,,,,,,0.38800727060276985,白酒,True
sh603919,2022,4,,,,,,,-0.12530915477740479,白酒,True
sh603919,2023,1,,,,,,,-0.12530915477740479,白酒,True
sh603919,2023,2,,,,,,,-0.2934824560868543,白酒,True
sh603919,2023,3,,,,,,,-0.24161470977873994,白酒,True
sh603919,2023,4,,,,,,,-0.10936917032902957,白酒,True
sh603919,2024,1,,,,,,,-0.10936917032902957,白酒,True
sh603919,2024,2,,,,,,,0.00709545740558045,白酒,True
sh603919,2024,3,,,,,,,-0.004116455745765264,白酒,True
sh603919,2024,4,,,,,,,-0.04374960063116909,白酒,True
sh603919,2025,1,,,,,,,-0.04374960063116909,白酒,False
sh603919,2025,2,,,,,,,-0.03289380255595217,白酒,False
sh603919,2025,3,,,,,,,-0.11608050263791006,白酒,False
sh603919,2025,4,,,,,,,-0.01909666910807688,白酒,False
sh600779,2022,1,,,,,,,-0.11024566447848533,白酒,True
sh600779,2022,2,,,,,,,0.048427497912607795,白酒,True
sh600779,2022,3,,,,,,,0.0919269156462366,白酒,True
sh600779,2022,4,,,,,,,-0.2749411987344956,白酒,True
sh600779,2023,1,,,,,,,-0.2749411987344956,白酒,True
sh600779,2023,2,,,,,,,-0.4967161416581662,白酒,True
sh600779,2023,3,,,,,,,-0.3024655819962551,白酒,True
sh600779,2023,4,,,,,,,0.03530467020218535,白酒,True
sh600779,2024,1,,,,,,,0.03530467020218535,白酒,True
sh600779,2024,2,,,,,,,0.13025617671222717,白酒,True
sh600779,2024,3,,,,,,,0.039279151262273646,白酒,True
sh600779,2024,4,,,,,,,-0.2699960769867617,白酒,True
sh600779,2025,1,,,,,,,-0.2699960769867617,白酒,False
sh600779,2025,2,,,,,,,-0.26828899516990545,白酒,False
sh600779,2025,3,,,,,,,-0.2998344762355167,白酒,False
sh600779,2025,4,,,,,,,-0.08920332205475234,白酒,False
sh600702,2022,1,,,,,,,0.18139392518950082,白酒,True
sh600702,2022,2,,,,,,,-0.05876711553744256,白酒,True
sh600702,2022,3,,,,,,,-0.006744505173736602,白酒,True
sh600702,2022,4,,,,,,,-0.5752360888148744,白酒,True
sh600702,2023,1,,,,,,,-0.5752360888148744,白酒,True
sh600702,2023,2,,,,,,,-0.6343897260380764,白酒,True
sh600702,2023,3,,,,,,,-0.43436215629545255,白酒,True
sh600702,2023,4,,,,,,,-0.20291950789462643,白酒,True
sh600702,2024,1,,,,,,,-0.20291950789462643,白酒,True
sh600702,2024,2,,,,,,,-0.047814937768319035,白酒,True
sh600702,2024,3,,,,,,,-0.012517781463124895,白酒,True
sh600702,2024,4,,,,,,,-0.21401315936053555,白酒,True
sh600702,2025,1,,,,,,,-0.21401315936053555,白酒,False
sh600702,2025,2,,,,,,,-0.272995797614023,白酒,False
sh600702,2025,3,,,,,,,-0.39301179172670236,白酒,False
sh600702,2025,4,,,,,,,-0.1482960937471401,白酒,False
sh601166,2022,1,,,,,,,-0.13545464445289984,银行,True
sh601166,2022,2,,,,,,,0.020784231837306814,银行,True
sh601166,2022,3,,,,,,,0.07889315443810509,银行,True
sh601166,2022,4,,,,,,,0.08109029200587917,银行,True
sh601166,2023,1,,,,,,,0.08109029200587917,银行,True
sh601166,2023,2,,,,,,,0.0697874800752176,银行,True
sh601166,2023,3,,,,,,,0.2898302156142804,银行,True
sh601166,2023,4,,,,,,,0.3178932709323485,银行,True
sh601166,2024,1,,,,,,,0.3178932709323485,银行,True
sh601166,2024,2,,,,,,,0.4146471615072343,银行,True
sh601166,2024,3,,,,,,,0.15826041149895936,银行,True
sh601166,2024,4,,,,,,,-0.07406908776296217,银行,True
sh601166,2025,1,,,,,,,-0.07406908776296217,银行,False
sh601166,2025,2,,,,,,,-0.20843911636475435,银行,False
sh601166,2025,3,,,,,,,-0.1141404643844804,银行,False
sh601166,2025,4,,,,,,,-0.029386704123095877,银行,False
sh600015,2022,1,,,,,,,0.19201374457818324,银行,True
sh600015,2022,2,,,,,,,0.21743289851378034,银行,True
sh600015,2022,3,,,,,,,0.25152557704821743,银行,True
sh600015,2022,4,,,,,,,0.19518535831201111,银行,True
sh600015,2023,1,,,,,,,0.19518535831201111,银行,True
sh600015,2023,2,,,,,,,0.1489072969578359,银行,True
sh600015,2023,3,,,,,,,0.33962956719327253,银行,True
sh600015,2023,4,,,,,,,0.1651226551655495,银行,True
sh600015,2024,1,,,,,,,0.1651226551655495,银行,True
sh600015,2024,2,,,,,,,0.3310729570446712,银行,True
sh600015,2024,3,,,,,,,0.01279622355667142,银行,True
sh600015,2024,4,,,,,,,-0.001221008042471459,银行,True
sh600015,2025,1,,,,,,,-0.001221008042471459,银行,False
sh600015,2025,2,,,,,,,-0.15032831058538615,银行,False
sh600015,2025,3,,,,,,,-0.008092521167961908,银行,False
sh600015,2025,4,,,,,,,-0.03483309143686492,银行,False
sh601577,2022,1,,,,,,,0.17413304599426574,银行,True
sh601577,2022,2,,,,,,,0.21434375248473111,银行,True
sh601577,2022,3,,,,,,,0.1937269540644553,银行,True
sh601577,2022,4,,,,,,,0.018473348056901776,银行,True
sh601577,2023,1,,,,,,,0.018473348056901776,银行,True
sh601577,2023,2,,,,,,,-0.038909353423466346,银行,True
sh601577,2023,3,,,,,,,0.21616765190665177,银行,True
sh601577,2023,4,,,,,,,0.1635890146843169,银行,True
sh601577,2024,1,,,,,,,0.1635890146843169,银行,True
sh601577,2024,2,,,,,,,0.3675257361843611,银行,True
sh601577,2024,3,,,,,,,0.19724727705060127,银行,True
sh601577,2024,4,,,,,,,0.1742433086902221,银行,True
sh601577,2025,1,,,,,,,0.1742433086902221,银行,False
sh601577,2025,2,,,,,,,-0.06116706295491545,银行,False
sh601577,2025,3,,,,,,,-0.0522466039707419,银行,False
sh601577,2025,4,,,,,,,-0.09027081243731197,银行,False
sh601997,2022,1,,,,,,,0.0035147561776219852,银行,True
sh601997,2022,2,,,,,,,0.07286525167403443,银行,True
sh601997,2022,3,,,,,,,0.05586562620736854,银行,True
sh601997,2022,4,,,,,,,0.017962757574283204,银行,True
sh601997,2023,1,,,,,,,0.017962757574283204,银行,True
sh601997,2023,2,,,,,,,-0.023557329015831383,银行,True
sh601997,2023,3,,,,,,,0.2122674398979937,银行,True
sh601997,2023,4,,,,,,,0.07871334310083952,银行,True
sh601997,2024,1,,,,,,,0.07871334310083952,银行,True
sh601997,2024,2,,,,,,,0.2750500048761312,银行,True
sh601997,2024,3,,,,,,,0.06534153677993788,银行,True
sh601997,2024,4,,,,,,,0.09322803948292221,银行,True
sh601997,2025,1,,,,,,,0.09322803948292221,银行,False
sh601997,2025,2,,,,,,,-0.11837692446946933,银行,False
sh601997,2025,3,,,,,,,-0.07342574792103768,银行,False
sh601997,2025,4,,,,,,,-0.06263370172377848,银行,False
sh601818,2022,1,,,,,,,0.11737294777643724,银行,True
sh601818,2022,2,,,,,,,0.15382482989902135,银行,True
sh601818,2022,3,,,,,,,0.16296145185523528,银行,True
sh601818,2022,4,,,,,,,0.010532404313786005,银行,True
sh601818,2023,1,,,,,,,0.010532404313786005,银行,True
sh601818,2023,2,,,,,,,0.06730793646850984,银行,True
sh601818,2023,3,,,,,,,0.22410845034171234,银行,True
sh601818,2023,4,,,,,,,0.2989192932029739,银行,True
sh601818,2024,1,,,,,,,0.2989192932029739,银行,True
sh601818,2024,2,,,,,,,0.3417886706530105,银行,True
sh601818,2024,3,,,,,,,0.013546204726436662,银行,True
sh601818,2024,4,,,,,,,-0.13300292074642975,银行,True
sh601818,2025,1,,,,,,,-0.13300292074642975,银行,False
sh601818,2025,2,,,,,,,-0.23406166943562282,银行,False
sh601818,2025,3,,,,,,,-0.07124244347732717,银行,False
sh601818,2025,4,,,,,,,-0.03525641025641036,银行,False
sh603323,2022,1,,,,,,,-0.08789568542520396,银行,True
sh603323,2022,2,,,,,,,-0.09455870609572564,银行,True
sh603323,2022,3,,,,,,,-0.007941420325879063,银行,True
sh603323,2022,4,,,,,,,0.05386737431625482,银行,True
sh603323,2023,1,,,,,,,0.05386737431625482,银行,True
sh603323,2023,2,,,,,,,0.09167900946013101,银行,True
sh603323,2023,3,,,,,,,0.23008727456253708,银行,True
sh603323,2023,4,,,,,,,0.10965852405313313,银行,True
sh603323,2024,1,,,,,,,0.10965852405313313,银行,True
sh603323,2024,2,,,,,,,0.24716717872660704,银行,True
sh603323,2024,3,,,,,,,0.18271745038916107,银行,True
sh603323,2024,4,,,,,,,0.09362322528634642,银行,True
sh603323,2025,1,,,,,,,0.09362322528634642,银行,False
sh603323,2025,2,,,,,,,-0.1302193930297178,银行,False
sh603323,2025,3,,,,,,,-0.11914636840858049,银行,False
sh603323,2025,4,,,,,,,-0.08192720087654867,银行,False
sz000001,2022,1,,,,,,,-0.15410584535082522,银行,True
sz000001,2022,2,,,,,,,0.016120403598662743,银行,True
sz000001,2022,3,,,,,,,0.036256352338618465,银行,True
sz000001,2022,4,,,,,,,-0.13174138511783648,银行,True
sz000001,2023,1,,,,,,,-0.13174138511783648,银行,True
sz000001,2023,2,,,,,,,-0.1068530393778069,银行,True
sz000001,2023,3,,,,,,,0.19116092386142955,银行,True
sz000001,2023,4,,,,,,,0.1070396253591323,银行,True
sz000001,2024,1,,,,,,,0.1070396253591323,银行,True
sz000001,2024,2,,,,,,,0.25502132315333764,银行,True
sz000001,2024,3,,,,,,,0.04762602910033738,银行,True
sz000001,2024,4,,,,,,,0.10916815857861736,银行,True
sz000001,2025,1,,,,,,,0.10916815857861736,银行,False
sz000001,2025,2,,,,,,,-0.10131830334825931,银行,False
sz000001,2025,3,,,,,,,-0.0492151981355595,银行,False
sz000001,2025,4,,,,,,,-0.0632825102606209,银行,False
sh600016,2022,1,,,,,,,0.1454462676007458,银行,True
sh600016,2022,2,,,,,,,0.17660469394819456,银行,True
sh600016,2022,3,,,,,,,0.19107943283349133,银行,True
sh600016,2022,4,,,,,,,0.04601021417687762,银行,True
sh600016,2023,1,,,,,,,0.04601021417687762,银行,True
sh600016,2023,2,,,,,,,-0.06397847827372728,银行,True
sh600016,2023,3,,,,,,,0.07704139296863166,银行,True
sh600016,2023,4,,,,,,,0.10492205876938816,银行,True
sh600016,2024,1,,,,,,,0.10492205876938816,银行,True
sh600016,2024,2,,,,,,,0.4411021083818878,银行,True
sh600016,2024,3,,,,,,,0.11833849519483988,银行,True
sh600016,2024,4,,,,,,,-0.028495457066210365,银行,True
sh600016,2025,1,,,,,,,-0.028495457066210365,银行,False
sh600016,2025,2,,,,,,,-0.28992456659452276,银行,False
sh600016,2025,3,,,,,,,-0.1406649616368287,银行,False
sh600016,2025,4,,,,,,,-0.09189189189189197,银行,False
sh600908,2022,1,,,,,,,0.013649361693722132,银行,True
sh600908,2022,2,,,,,,,-0.01849491900381868,银行,True
sh600908,2022,3,,,,,,,0.09507497367836887,银行,True
sh600908,2022,4,,,,,,,-0.03982936309347499,银行,True
sh600908,2023,1,,,,,,,-0.03982936309347499,银行,True
sh600908,2023,2,,,,,,,-0.037297876977911246,银行,True
sh600908,2023,3,,,,,,,0.15883359001549488,银行,True
sh600908,2023,4,,,,,,,0.07340069243382727,银行,True
sh600908,2024,1,,,,,,,0.07340069243382727,银行,True
sh600908,2024,2,,,,,,,0.19582018984866278,银行,True
sh600908,2024,3,,,,,,,0.10598049804369838,银行,True
sh600908,2024,4,,,,,,,0.0921419148416695,银行,True
sh600908,2025,1,,,,,,,0.0921419148416695,银行,False
sh600908,2025,2,,,,,,,-0.10673585520794543,银行,False
sh600908,2025,3,,,,,,,-0.11409387946488161,银行,False
sh600908,2025,4,,,,,,,-0.07853403141361259,银行,False
sh601528,2022,1,,,,,,,-0.016593539277964663,银行,True
sh601528,2022,2,,,,,,,0.03802968931387325,银行,True
sh601528,2022,3,,,,,,,0.14407283697974682,银行,True
sh601528,2022,4,,,,,,,-0.15578978146254402,银行,True
sh601528,2023,1,,,,,,,-0.15578978146254402,银行,True
sh601528,2023,2,,,,,,,-0.1141870104419617,银行,True
sh601528,2023,3,,,,,,,0.01684467765778931,银行,True
sh601528,2023,4,,,,,,,0.04045425856649918,银行,True
sh601528,2024,1,,,,,,,0.04045425856649918,银行,True
sh601528,2024,2,,,,,,,0.1889311914070999,银行,True
sh601528,2024,3,,,,,,,0.09761092873701585,银行,True
sh601528,2024,4,,,,,,,0.04955971050781144,银行,True
sh601528,2025,1,,,,,,,0.04955971050781144,银行,False
sh601528,2025,2,,,,,,,-0.16291308165141238,银行,False
sh601528,2025,3,,,,,,,-0.1369450568121315,银行,False
sh601528,2025,4,,,,,,,-0.09569004040735765,银行,False
sz002839,2022,1,,,,,,,-0.10153256704980838,银行,True
sz002839,2022,2,,,,,,,-0.09927322157533873,银行,True
sz002839,2022,3,,,,,,,-0.009515988686647546,银行,True
sz002839,2022,4,,,,,,,-0.07359553712962147,银行,True
sz002839,2023,1,,,,,,,-0.07359553712962147,银行,True
sz002839,2023,2,,,,,,,-0.08657950591621653,银行,True
sz002839,2023,3,,,,,,,0.05723232853005869,银行,True
sz002839,2023,4,,,,,,,0.06239952449809601,银行,True
sz002839,2024,1,,,,,,,0.06239952449809601,银行,True
sz002839,2024,2,,,,,,,0.16699459883425166,银行,True
sz002839,2024,3,,,,,,,0.12194746912529655,银行,True
sz002839,2024,4,,,,,,,0.1632443772552625,银行,True
sz002839,2025,1,,,,,,,0.1632443772552625,银行,False
sz002839,2025,2,,,,,,,-0.046713911086940764,银行,False
sz002839,2025,3,,,,,,,-0.05988761350062525,银行,False
sz002839,2025,4,,,,,,,-0.08462741314534569,银行,False
sh601229,2022,1,,,,,,,0.05189142318208815,银行,True
sh601229,2022,2,,,,,,,0.11374435989713465,银行,True
sh601229,2022,3,,,,,,,0.16441968621824157,银行,True
sh601229,2022,4,,,,,,,0.22095015183314076,银行,True
sh601229,2023,1,,,,,,,0.22095015183314076,银行,True
sh601229,2023,2,,,,,,,0.2589455610192085,银行,True
sh601229,2023,3,,,,,,,0.36043437816322155,银行,True
sh601229,2023,4,,,,,,,0.5676612750962347,银行,True
sh601229,2024,1,,,,,,,0.5676612750962347,银行,True
sh601229,2024,2,,,,,,,0.48254977523980974,银行,True
sh601229,2024,3,,,,,,,0.33496434934112346,银行,True
sh601229,2024,4,,,,,,,-0.04786727453224175,银行,True
sh601229,2025,1,,,,,,,-0.04786727453224175,银行,False
sh601229,2025,2,,,,,,,-0.08157317374459525,银行,False
sh601229,2025,3,,,,,,,-0.040577273322877014,银行,False
sh601229,2025,4,,,,,,,-0.029326047317068577,银行,False
sz002958,2022,1,,,,,,,-0.08554825459393031,银行,True
sz002958,2022,2,,,,,,,-0.029126213592232993,银行,True
sz002958,2022,3,,,,,,,-0.02166064981949463,银行,True
sz002958,2022,4,,,,,,,-0.040540540540540466,银行,True
sz002958,2023,1,,,,,,,-0.040540540540540466,银行,True
sz002958,2023,2,,,,,,,-0.08935439853448288,银行,True
sz002958,2023,3,,,,,,,0.11925349975978711,银行,True
sz002958,2023,4,,,,,,,0.14482972711417638,银行,True
sz002958,2024,1,,,,,,,0.14482972711417638,银行,True
sz002958,2024,2,,,,,,,0.37327100472147845,银行,True
sz002958,2024,3,,,,,,,0.13793374076167433,银行,True
sz002958,2024,4,,,,,,,0.002243389954282377,银行,True
sz002958,2025,1,,,,,,,0.002243389954282377,银行,False
sz002958,2025,2,,,,,,,-0.20000000000000004,银行,False
sz002958,2025,3,,,,,,,-0.13043478260869576,银行,False
sz002958,2025,4,,,,,,,-0.0789473684210527,银行,False
sh600036,2022,1,,,,,,,-0.09287060456641225,银行,True
sh600036,2022,2,,,,,,,0.08710218796648778,银行,True
sh600036,2022,3,,,,,,,0.21033881794540069,银行,True
sh600036,2022,4,,,,,,,0.060874069722145485,银行,True
sh600036,2023,1,,,,,,,0.060874069722145485,银行,True
sh600036,2023,2,,,,,,,-0.024150481317484006,银行,True
sh600036,2023,3,,,,,,,0.28771316477063785,银行,True
sh600036,2023,4,,,,,,,0.25892224009610076,银行,True
sh600036,2024,1,,,,,,,0.25892224009610076,银行,True
sh600036,2024,2,,,,,,,0.41777746686038403,银行,True
sh600036,2024,3,,,,,,,0.14182497865533586,银行,True
sh600036,2024,4,,,,,,,0.005316356670814116,银行,True
sh600036,2025,1,,,,,,,0.005316356670814116,银行,False
sh600036,2025,2,,,,,,,-0.1644362888957192,银行,False
sh600036,2025,3,,,,,,,-0.09107669674936626,银行,False
sh600036,2025,4,,,,,,,-0.05330546119676002,银行,False
sz002807,2022,1,,,,,,,0.0156611381341874,银行,True
sz002807,2022,2,,,,,,,-0.13865566474586988,银行,True
sz002807,2022,3,,,,,,,0.03292495319992786,银行,True
sz002807,2022,4,,,,,,,-0.013261348688787504,银行,True
sz002807,2023,1,,,,,,,-0.013261348688787504,银行,True
sz002807,2023,2,,,,,,,-0.0017404925363796757,银行,True
sz002807,2023,3,,,,,,,0.15116381470059428,银行,True
sz002807,2023,4,,,,,,,0.1623640396592562,银行,True
sz002807,2024,1,,,,,,,0.1623640396592562,银行,True
sz002807,2024,2,,,,,,,0.2878230237691275,银行,True
sz002807,2024,3,,,,,,,0.23759069381652462,银行,True
sz002807,2024,4,,,,,,,0.12655921099815287,银行,True
sz002807,2025,1,,,,,,,0.12655921099815287,银行,False
sz002807,2025,2,,,,,,,-0.050746440950990755,银行,False
sz002807,2025,3,,,,,,,-0.06873229785928779,银行,False
sz002807,2025,4,,,,,,,-0.05383684648158954,银行,False
sh601169,2022,1,,,,,,,0.15038972324133926,银行,True
sh601169,2022,2,,,,,,,0.2027804483556082,银行,True
sh601169,2022,3,,,,,,,0.2093340679461563,银行,True
sh601169,2022,4,,,,,,,0.23269396638288076,银行,True
sh601169,2023,1,,,,,,,0.23269396638288076,银行,True
sh601169,2023,2,,,,,,,0.2079750097890625,银行,True
sh601169,2023,3,,,,,,,0.31138806411858205,银行,True
sh601169,2023,4,,,,,,,0.16132428760247672,银行,True
sh601169,2024,1,,,,,,,0.16132428760247672,银行,True
sh601169,2024,2,,,,,,,0.2699018001082464,银行,True
sh601169,2024,3,,,,,,,0.03824773722124349,银行,True
sh601169,2024,4,,,,,,,-0.09160775828676537,银行,True
sh601169,2025,1,,,,,,,-0.09160775828676537,银行,False
sh601169,2025,2,,,,,,,-0.22635658914728682,银行,False
sh601169,2025,3,,,,,,,-0.10733452593917704,银行,False
sh601169,2025,4,,,,,,,-0.05849056603773578,银行,False
sh601998,2022,1,,,,,,,0.5732442779796284,银行,True
sh601998,2022,2,,,,,,,0.46764981596968946,银行,True
sh601998,2022,3,,,,,,,0.31380299665839084,银行,True
sh601998,2022,4,,,,,,,0.04824991674930429,银行,True
sh601998,2023,1,,,,,,,0.04824991674930429,银行,True
sh601998,2023,2,,,,,,,0.09713750365146356,银行,True
sh601998,2023,3,,,,,,,0.2744808436967009,银行,True
sh601998,2023,4,,,,,,,0.1299075673857952,银行,True
sh601998,2024,1,,,,,,,0.1299075673857952,银行,True
sh601998,2024,2,,,,,,,0.36509775678265216,银行,True
sh601998,2024,3,,,,,,,0.24062565295682214,银行,True
sh601998,2024,4,,,,,,,0.21737442200783177,银行,True
sh601998,2025,1,,,,,,,0.21737442200783177,银行,False
sh601998,2025,2,,,,,,,-0.07440664241688993,银行,False
sh601998,2025,3,,,,,,,-0.020593075115546346,银行,False
sh601998,2025,4,,,,,,,-0.11963252954535494,银行,False
sh601916,2022,1,,,,,,,-0.0507462686567163,银行,True
sh601916,2022,2,,,,,,,-0.015742514441414935,银行,True
sh601916,2022,3,,,,,,,0.053297129329780576,银行,True
sh601916,2022,4,,,,,,,0.07550872251209562,银行,True
sh601916,2023,1,,,,,,,0.07550872251209562,银行,True
sh601916,2023,2,,,,,,,0.07540463404841902,银行,True
sh601916,2023,3,,,,,,,0.18071682196343744,银行,True
sh601916,2023,4,,,,,,,0.05661683204932259,银行,True
sh601916,2024,1,,,,,,,0.05661683204932259,银行,True
sh601916,2024,2,,,,,,,0.25676948316344855,银行,True
sh601916,2024,3,,,,,,,0.10067191492558535,银行,True
sh601916,2024,4,,,,,,,0.03846125524483255,银行,True
sh601916,2025,1,,,,,,,0.03846125524483255,银行,False
sh601916,2025,2,,,,,,,-0.11799410029498522,银行,False
sh601916,2025,3,,,,,,,0.0,银行,False
sh601916,2025,4,,,,,,,0.00673400673400674,银行,False
sh601128,2022,1,,,,,,,0.015916665623023567,银行,True
sh601128,2022,2,,,,,,,-0.015347316974749642,银行,True
sh601128,2022,3,,,,,,,0.09320802627119597,银行,True
sh601128,2022,4,,,,,,,0.04332702576043842,银行,True
sh601128,2023,1,,,,,,,0.04332702576043842,银行,True
sh601128,2023,2,,,,,,,0.14377471641418352,银行,True
sh601128,2023,3,,,,,,,0.07116988658963116,银行,True
sh601128,2023,4,,,,,,,0.03441883994931893,银行,True
sh601128,2024,1,,,,,,,0.03441883994931893,银行,True
sh601128,2024,2,,,,,,,0.15666461449650676,银行,True
sh601128,2024,3,,,,,,,0.1726619368009335,银行,True
sh601128,2024,4,,,,,,,0.16725948511389566,银行,True
sh601128,2025,1,,,,,,,0.16725948511389566,银行,False
sh601128,2025,2,,,,,,,-0.08681883433465623,银行,False
sh601128,2025,3,,,,,,,-0.06174619701205694,银行,False
sh601128,2025,4,,,,,,,-0.0963539192534155,银行,False
sh600928,2022,1,,,,,,,0.07878700982149255,银行,True
sh600928,2022,2,,,,,,,0.1574302156472248,银行,True
sh600928,2022,3,,,,,,,0.11225569598829659,银行,True
sh600928,2022,4,,,,,,,-0.015553331052615447,银行,True
sh600928,2023,1,,,,,,,-0.015553331052615447,银行,True
sh600928,2023,2,,,,,,,-0.15089514066496162,银行,True
sh600928,2023,3,,,,,,,0.06242811481219629,银行,True
sh600928,2023,4,,,,,,,-0.015731625045665665,银行,True
sh600928,2024,1,,,,,,,-0.015731625045665665,银行,True
sh600928,2024,2,,,,,,,0.2063661904213594,银行,True
sh600928,2024,3,,,,,,,0.10054191645879675,银行,True
sh600928,2024,4,,,,,,,0.09223433523584368,银行,True
sh600928,2025,1,,,,,,,0.09223433523584368,银行,False
sh600928,2025,2,,,,,,,-0.10677083333333326,银行,False
sh600928,2025,3,,,,,,,-0.11825192802056554,银行,False
sh600928,2025,4,,,,,,,-0.07046070460704601,银行,False
sz001227,2022,1,,,,,,,-0.3589165224906563,银行,True
sz001227,2022,2,,,,,,,-0.28065493141930875,银行,True
sz001227,2022,3,,,,,,,-0.18215785617673572,银行,True
sz001227,2022,4,,,,,,,-0.14191183889511036,银行,True
sz001227,2023,1,,,,,,,-0.14191183889511036,银行,True
sz001227,2023,2,,,,,,,-0.22829618183972292,银行,True
sz001227,2023,3,,,,,,,-0.11623821392319306,银行,True
sz001227,2023,4,,,,,,,-0.0512518502967196,银行,True
sz001227,2024,1,,,,,,,-0.0512518502967196,银行,True
sz001227,2024,2,,,,,,,0.11811682994083778,银行,True
sz001227,2024,3,,,,,,,0.0035290800893330865,银行,True
sz001227,2024,4,,,,,,,0.022906873959839275,银行,True
sz001227,2025,1,,,,,,,0.022906873959839275,银行,False
sz001227,2025,2,,,,,,,-0.13598196440363966,银行,False
sz001227,2025,3,,,,,,,-0.11078143836541254,银行,False
sz001227,2025,4,,,,,,,-0.06309876544933651,银行,False
sh600919,2022,1,,,,,,,0.1295444198773878,银行,True
sh600919,2022,2,,,,,,,0.07357899585792806,银行,True
sh600919,2022,3,,,,,,,0.06751085844999177,银行,True
sh600919,2022,4,,,,,,,0.11619214838764762,银行,True
sh600919,2023,1,,,,,,,0.11619214838764762,银行,True
sh600919,2023,2,,,,,,,0.1355037469552297,银行,True
sh600919,2023,3,,,,,,,0.36121349837126376,银行,True
sh600919,2023,4,,,,,,,0.3840610831939523,银行,True
sh600919,2024,1,,,,,,,0.3840610831939523,银行,True
sh600919,2024,2,,,,,,,0.543448853342033,银行,True
sh600919,2024,3,,,,,,,0.2852363237081608,银行,True
sh600919,2024,4,,,,,,,0.1678492370050274,银行,True
sh600919,2025,1,,,,,,,0.1678492370050274,银行,False
sh600919,2025,2,,,,,,,0.017518080857868962,银行,False
sh600919,2025,3,,,,,,,0.06660058568589235,银行,False
sh600919,2025,4,,,,,,,-0.014159292035398242,银行,False
sh600000,2022,1,,,,,,,0.014601333631393607,银行,True
sh600000,2022,2,,,,,,,0.0985529846471539,银行,True
sh600000,2022,3,,,,,,,0.0734010323948291,银行,True
sh600000,2022,4,,,,,,,0.04779233840960293,银行,True
sh600000,2023,1,,,,,,,0.04779233840960293,银行,True
sh600000,2023,2,,,,,,,0.14582284054387418,银行,True
sh600000,2023,3,,,,,,,0.49576203231450017,银行,True
sh600000,2023,4,,,,,,,0.4756100699743745,银行,True
sh600000,2024,1,,,,,,,0.4756100699743745,银行,True
sh600000,2024,2,,,,,,,0.5712464981809603,银行,True
sh600000,2024,3,,,,,,,0.20309358017454576,银行,True
sh600000,2024,4,,,,,,,-0.12854762246395232,银行,True
sh600000,2025,1,,,,,,,-0.12854762246395232,银行,False
sh600000,2025,2,,,,,,,-0.3091334894613584,银行,False
sh600000,2025,3,,,,,,,-0.22976501305483032,银行,False
sh600000,2025,4,,,,,,,-0.04530744336569579,银行,False
sh601077,2022,1,,,,,,,0.11925253362975544,银行,True
sh601077,2022,2,,,,,,,0.18102283692212404,银行,True
sh601077,2022,3,,,,,,,0.3101236148187928,银行,True
sh601077,2022,4,,,,,,,0.21753903982379363,银行,True
sh601077,2023,1,,,,,,,0.21753903982379363,银行,True
sh601077,2023,2,,,,,,,0.3925939383498676,银行,True
sh601077,2023,3,,,,,,,0.3873715130218426,银行,True
sh601077,2023,4,,,,,,,0.6141560656143205,银行,True
sh601077,2024,1,,,,,,,0.6141560656143205,银行,True
sh601077,2024,2,,,,,,,0.3745194357946207,银行,True
sh601077,2024,3,,,,,,,0.3021548525010902,银行,True
sh601077,2024,4,,,,,,,0.11399997267562113,银行,True
sh601077,2025,1,,,,,,,0.11399997267562113,银行,False
sh601077,2025,2,,,,,,,-0.01820687425303451,银行,False
sh601077,2025,3,,,,,,,-0.038069740958898056,银行,False
sh601077,2025,4,,,,,,,-0.11480441372783128,银行,False
sh601009,2022,1,,,,,,,-0.15227651126453032,银行,True
sh601009,2022,2,,,,,,,-0.12001622786805577,银行,True
sh601009,2022,3,,,,,,,-0.19029362173482486,银行,True
sh601009,2022,4,,,,,,,0.05228919973695813,银行,True
sh601009,2023,1,,,,,,,0.05228919973695813,银行,True
sh601009,2023,2,,,,,,,0.24471201332925488,银行,True
sh601009,2023,3,,,,,,,0.38218552202214573,银行,True
sh601009,2023,4,,,,,,,0.2237683908526255,银行,True
sh601009,2024,1,,,,,,,0.2237683908526255,银行,True
sh601009,2024,2,,,,,,,0.1978660082624364,银行,True
sh601009,2024,3,,,,,,,0.16170607074268636,银行,True
sh601009,2024,4,,,,,,,0.17840879939429455,银行,True
sh601009,2025,1,,,,,,,0.17840879939429455,银行,False
sh601009,2025,2,,,,,,,-0.05044820723654643,银行,False
sh601009,2025,3,,,,,,,-0.03617554545318765,银行,False
sh601009,2025,4,,,,,,,-0.097254189350847,银行,False
sz002948,2022,1,,,,,,,-0.028327103980903965,银行,True
sz002948,2022,2,,,,,,,0.07320018753446944,银行,True
sz002948,2022,3,,,,,,,0.11307071995313504,银行,True
sz002948,2022,4,,,,,,,0.07326367977004028,银行,True
sz002948,2023,1,,,,,,,0.07326367977004028,银行,True
sz002948,2023,2,,,,,,,0.00013853633168588037,银行,True
sz002948,2023,3,,,,,,,0.18983145408075125,银行,True
sz002948,2023,4,,,,,,,0.3716007051154101,银行,True
sz002948,2024,1,,,,,,,0.3716007051154101,银行,True
sz002948,2024,2,,,,,,,0.47623408503509573,银行,True
sz002948,2024,3,,,,,,,0.44453390047223695,银行,True
sz002948,2024,4,,,,,,,0.3818071294636879,银行,True
sz002948,2025,1,,,,,,,0.3818071294636879,银行,False
sz002948,2025,2,,,,,,,0.16310959851304585,银行,False
sz002948,2025,3,,,,,,,0.06655802952451109,银行,False
sz002948,2025,4,,,,,,,-0.09132062616168299,银行,False
sh600926,2022,1,,,,,,,-0.15843695542835212,银行,True
sh600926,2022,2,,,,,,,-0.11016551131941928,银行,True
sh600926,2022,3,,,,,,,-0.08551218269815736,银行,True
sh600926,2022,4,,,,,,,0.04881670592739614,银行,True
sh600926,2023,1,,,,,,,0.04881670592739614,银行,True
sh600926,2023,2,,,,,,,0.14248055037565827,银行,True
sh600926,2023,3,,,,,,,0.34600458137549195,银行,True
sh600926,2023,4,,,,,,,0.21771551712789508,银行,True
sh600926,2024,1,,,,,,,0.21771551712789508,银行,True
sh600926,2024,2,,,,,,,0.24468995314973732,银行,True
sh600926,2024,3,,,,,,,0.18411741792946884,银行,True
sh600926,2024,4,,,,,,,0.2330481130317433,银行,True
sh600926,2025,1,,,,,,,0.2330481130317433,银行,False
sh600926,2025,2,,,,,,,-0.023998959711466084,银行,False
sh600926,2025,3,,,,,,,-0.002240974736880895,银行,False
sh600926,2025,4,,,,,,,-0.12151332848394665,银行,False
sh601838,2022,1,,,,,,,-0.17672345949033413,银行,True
sh601838,2022,2,,,,,,,-0.029149254294245263,银行,True
sh601838,2022,3,,,,,,,-0.0379631265003982,银行,True
sh601838,2022,4,,,,,,,0.14106234076231672,银行,True
sh601838,2023,1,,,,,,,0.14106234076231672,银行,True
sh601838,2023,2,,,,,,,0.09618145578841224,银行,True
sh601838,2023,3,,,,,,,0.32276061248537846,银行,True
sh601838,2023,4,,,,,,,0.21802155788005148,银行,True
sh601838,2024,1,,,,,,,0.21802155788005148,银行,True
sh601838,2024,2,,,,,,,0.3256340621837353,银行,True
sh601838,2024,3,,,,,,,0.14381715996282293,银行,True
sh601838,2024,4,,,,,,,0.18179107955902957,银行,True
sh601838,2025,1,,,,,,,0.18179107955902957,银行,False
sh601838,2025,2,,,,,,,-0.02923659989171625,银行,False
sh601838,2025,3,,,,,,,0.06662700773349203,银行,False
sh601838,2025,4,,,,,,,-0.06370757180156653,银行,False
sh601825,2022,1,,,,,,,0.01394961763382807,银行,True
sh601825,2022,2,,,,,,,0.010439122761999238,银行,True
sh601825,2022,3,,,,,,,0.1917950290242715,银行,True
sh601825,2022,4,,,,,,,0.18642735714248268,银行,True
sh601825,2023,1,,,,,,,0.18642735714248268,银行,True
sh601825,2023,2,,,,,,,0.19531735618553275,银行,True
sh601825,2023,3,,,,,,,0.42540001768408886,银行,True
sh601825,2023,4,,,,,,,0.3621154129669063,银行,True
sh601825,2024,1,,,,,,,0.3621154129669063,银行,True
sh601825,2024,2,,,,,,,0.43976802639081225,银行,True
sh601825,2024,3,,,,,,,0.15370038069745642,银行,True
sh601825,2024,4,,,,,,,0.12057971856528077,银行,True
sh601825,2025,1,,,,,,,0.12057971856528077,银行,False
sh601825,2025,2,,,,,,,-0.08452227014550116,银行,False
sh601825,2025,3,,,,,,,-0.05158264947245012,银行,False
sh601825,2025,4,,,,,,,-0.0991091314031181,银行,False
sh601328,2022,1,,,,,,,0.27586284866019095,银行,True
sh601328,2022,2,,,,,,,0.354372409753522,银行,True
sh601328,2022,3,,,,,,,0.3513759411995671,银行,True
sh601328,2022,4,,,,,,,0.24135080576322393,银行,True
sh601328,2023,1,,,,,,,0.24135080576322393,银行,True
sh601328,2023,2,,,,,,,0.32809276331901605,银行,True
sh601328,2023,3,,,,,,,0.3262786741421525,银行,True
sh601328,2023,4,,,,,,,0.1998578545668858,银行,True
sh601328,2024,1,,,,,,,0.1998578545668858,银行,True
sh601328,2024,2,,,,,,,0.0937238322835185,银行,True
sh601328,2024,3,,,,,,,0.06262223274327941,银行,True
sh601328,2024,4,,,,,,,-0.06946316140610174,银行,True
sh601328,2025,1,,,,,,,-0.06946316140610174,银行,False
sh601328,2025,2,,,,,,,-0.11941914428078801,银行,False
sh601328,2025,3,,,,,,,-0.0617766648674134,银行,False
sh601328,2025,4,,,,,,,-0.030882352941176465,银行,False
sh601860,2022,1,,,,,,,-0.02627079186853335,银行,True
sh601860,2022,2,,,,,,,0.18042755047148099,银行,True
sh601860,2022,3,,,,,,,0.06812744766355693,银行,True
sh601860,2022,4,,,,,,,0.01652686978192383,银行,True
sh601860,2023,1,,,,,,,0.01652686978192383,银行,True
sh601860,2023,2,,,,,,,-0.1696871884696912,银行,True
sh601860,2023,3,,,,,,,0.11948898756297238,银行,True
sh601860,2023,4,,,,,,,0.07067261263933093,银行,True
sh601860,2024,1,,,,,,,0.07067261263933093,银行,True
sh601860,2024,2,,,,,,,0.223715883103652,银行,True
sh601860,2024,3,,,,,,,0.04718029891972279,银行,True
sh601860,2024,4,,,,,,,0.031900960266113824,银行,True
sh601860,2025,1,,,,,,,0.031900960266113824,银行,False
sh601860,2025,2,,,,,,,-0.13161198762944962,银行,False
sh601860,2025,3,,,,,,,-0.07944733670966385,银行,False
sh601860,2025,4,,,,,,,-0.048831840256378,银行,False
sz002966,2022,1,,,,,,,0.1633453583788448,银行,True
sz002966,2022,2,,,,,,,0.17041010788607375,银行,True
sz002966,2022,3,,,,,,,-0.04099089011703796,银行,True
sz002966,2022,4,,,,,,,0.044954960589474895,银行,True
sz002966,2023,1,,,,,,,0.044954960589474895,银行,True
sz002966,2023,2,,,,,,,0.06220312183520532,银行,True
sz002966,2023,3,,,,,,,0.2814657513902538,银行,True
sz002966,2023,4,,,,,,,0.1514689364030975,银行,True
sz002966,2024,1,,,,,,,0.1514689364030975,银行,True
sz002966,2024,2,,,,,,,0.24572550667954982,银行,True
sz002966,2024,3,,,,,,,0.13686562112582482,银行,True
sz002966,2024,4,,,,,,,0.11180052305914805,银行,True
sz002966,2025,1,,,,,,,0.11180052305914805,银行,False
sz002966,2025,2,,,,,,,-0.1109012587708121,银行,False
sz002966,2025,3,,,,,,,-0.08187385125788821,银行,False
sz002966,2025,4,,,,,,,-0.1309353488584959,银行,False
sh601665,2022,1,,,,,,,-0.1611496371774188,银行,True
sh601665,2022,2,,,,,,,-0.011938157088840369,银行,True
sh601665,2022,3,,,,,,,0.04766461931720108,银行,True
sh601665,2022,4,,,,,,,0.16777637103645257,银行,True
sh601665,2023,1,,,,,,,0.16777637103645257,银行,True
sh601665,2023,2,,,,,,,0.1875339420719953,银行,True
sh601665,2023,3,,,,,,,0.4012381539355493,银行,True
sh601665,2023,4,,,,,,,0.3746743319822768,银行,True
sh601665,2024,1,,,,,,,0.3746743319822768,银行,True
sh601665,2024,2,,,,,,,0.3456829586248061,银行,True
sh601665,2024,3,,,,,,,0.17262702258766546,银行,True
sh601665,2024,4,,,,,,,0.08841051288049524,银行,True
sh601665,2025,1,,,,,,,0.08841051288049524,银行,False
sh601665,2025,2,,,,,,,-0.0032493411490838128,银行,False
sh601665,2025,3,,,,,,,-0.0065443846494174325,银行,False
sh601665,2025,4,,,,,,,-0.0782472613458529,银行,False
sh601658,2022,1,,,,,,,0.07584253346536288,银行,True
sh601658,2022,2,,,,,,,0.17282864124495903,银行,True
sh601658,2022,3,,,,,,,0.24299264935471623,银行,True
sh601658,2022,4,,,,,,,-0.11750260746185041,银行,True
sh601658,2023,1,,,,,,,-0.11750260746185041,银行,True
sh601658,2023,2,,,,,,,-0.019679961154263206,银行,True
sh601658,2023,3,,,,,,,0.200907702968085,银行,True
sh601658,2023,4,,,,,,,0.17883341470618383,银行,True
sh601658,2024,1,,,,,,,0.17883341470618383,银行,True
sh601658,2024,2,,,,,,,0.24681026287492264,银行,True
sh601658,2024,3,,,,,,,0.15788580074815228,银行,True
sh601658,2024,4,,,,,,,0.012654546663121553,银行,True
sh601658,2025,1,,,,,,,0.012654546663121553,银行,False
sh601658,2025,2,,,,,,,-0.127013543262465,银行,False
sh601658,2025,3,,,,,,,-0.12853178057853037,银行,False
sh601658,2025,4,,,,,,,-0.03353057199211044,银行,False
sh601398,2022,1,,,,,,,0.10926315189285667,银行,True
sh601398,2022,2,,,,,,,0.1631881384879145,银行,True
sh601398,2022,3,,,,,,,0.21457983588992643,银行,True
sh601398,2022,4,,,,,,,0.1689815410708157,银行,True
sh601398,2023,1,,,,,,,0.1689815410708157,银行,True
sh601398,2023,2,,,,,,,0.29096237231351896,银行,True
sh601398,2023,3,,,,,,,0.34416287079201074,银行,True
sh601398,2023,4,,,,,,,0.38770391593073034,银行,True
sh601398,2024,1,,,,,,,0.38770391593073034,银行,True
sh601398,2024,2,,,,,,,0.3465771763671074,银行,True
sh601398,2024,3,,,,,,,0.34217139326877616,银行,True
sh601398,2024,4,,,,,,,0.10381873919208248,银行,True
sh601398,2025,1,,,,,,,0.10381873919208248,银行,False
sh601398,2025,2,,,,,,,-0.009423750025308507,银行,False
sh601398,2025,3,,,,,,,-0.037434903623564594,银行,False
sh601398,2025,4,,,,,,,-0.012455402798460967,银行,False
sz002936,2022,1,,,,,,,-0.0977443609022556,银行,True
sz002936,2022,2,,,,,,,0.006274324413318165,银行,True
sz002936,2022,3,,,,,,,0.00877216848101082,银行,True
sz002936,2022,4,,,,,,,-0.11503168855984053,银行,True
sz002936,2023,1,,,,,,,-0.11503168855984053,银行,True
sz002936,2023,2,,,,,,,-0.22978723404255308,银行,True
sz002936,2023,3,,,,,,,-0.01913875598086118,银行,True
sz002936,2023,4,,,,,,,-0.04145077720207251,银行,True
sz002936,2024,1,,,,,,,-0.04145077720207251,银行,True
sz002936,2024,2,,,,,,,0.1651933595730788,银行,True
sz002936,2024,3,,,,,,,-0.010598678617617421,银行,True
sz002936,2024,4,,,,,,,-0.0018181908925618475,银行,True
sz002936,2025,1,,,,,,,-0.0018181908925618475,银行,False
sz002936,2025,2,,,,,,,-0.1913875598086124,银行,False
sz002936,2025,3,,,,,,,-0.15920398009950243,银行,False
sz002936,2025,4,,,,,,,-0.07650273224043723,银行,False
sh601187,2022,1,,,,,,,0.010494422770043971,银行,True
sh601187,2022,2,,,,,,,0.05657962379128683,银行,True
sh601187,2022,3,,,,,,,0.08966777555999107,银行,True
sh601187,2022,4,,,,,,,0.018157548334872802,银行,True
sh601187,2023,1,,,,,,,0.018157548334872802,银行,True
sh601187,2023,2,,,,,,,-0.010967763987372954,银行,True
sh601187,2023,3,,,,,,,0.04207670486778952,银行,True
sh601187,2023,4,,,,,,,0.1254459423611721,银行,True
sh601187,2024,1,,,,,,,0.1254459423611721,银行,True
sh601187,2024,2,,,,,,,0.3608601393188782,银行,True
sh601187,2024,3,,,,,,,0.4220995128914889,银行,True
sh601187,2024,4,,,,,,,0.3983483897054663,银行,True
sh601187,2025,1,,,,,,,0.3983483897054663,银行,False
sh601187,2025,2,,,,,,,0.08913572311682166,银行,False
sh601187,2025,3,,,,,,,0.058238255794358734,银行,False
sh601187,2025,4,,,,,,,-0.05181347150259061,银行,False
sz002142,2022,1,,,,,,,-0.2197743538628145,银行,True
sz002142,2022,2,,,,,,,0.003406385836473237,银行,True
sz002142,2022,3,,,,,,,0.07347111762719874,银行,True
sz002142,2022,4,,,,,,,-0.16177774949797388,银行,True
sz002142,2023,1,,,,,,,-0.16177774949797388,银行,True
sz002142,2023,2,,,,,,,-0.24103398811173338,银行,True
sz002142,2023,3,,,,,,,0.05107067563814492,银行,True
sz002142,2023,4,,,,,,,0.07194160908897099,银行,True
sz002142,2024,1,,,,,,,0.07194160908897099,银行,True
sz002142,2024,2,,,,,,,0.3400969611664029,银行,True
sz002142,2024,3,,,,,,,0.1466070880175948,银行,True
sz002142,2024,4,,,,,,,0.45081583132332725,银行,True
sz002142,2025,1,,,,,,,0.45081583132332725,银行,False
sz002142,2025,2,,,,,,,0.11662964665848352,银行,False
sz002142,2025,3,,,,,,,0.09811108865109155,银行,False
sz002142,2025,4,,,,,,,-0.07259036144578324,银行,False
sh601963,2022,1,,,,,,,0.09858989114612468,银行,True
sh601963,2022,2,,,,,,,0.1850879500014128,银行,True
sh601963,2022,3,,,,,,,0.2130921065468268,银行,True
sh601963,2022,4,,,,,,,-0.028690768937129907,银行,True
sh601963,2023,1,,,,,,,-0.028690768937129907,银行,True
sh601963,2023,2,,,,,,,-0.0735889378660482,银行,True
sh601963,2023,3,,,,,,,0.17120017531138154,银行,True
sh601963,2023,4,,,,,,,0.5344474978159652,银行,True
sh601963,2024,1,,,,,,,0.5344474978159652,银行,True
sh601963,2024,2,,,,,,,0.44751347584408785,银行,True
sh601963,2024,3,,,,,,,0.3130578135343187,银行,True
sh601963,2024,4,,,,,,,0.019326221290422215,银行,True
sh601963,2025,1,,,,,,,0.019326221290422215,银行,False
sh601963,2025,2,,,,,,,0.07217452224621752,银行,False
sh601963,2025,3,,,,,,,0.015902944696275408,银行,False
sh601963,2025,4,,,,,,,0.016190476190476182,银行,False
sh601288,2022,1,,,,,,,0.2514226684107797,银行,True
sh601288,2022,2,,,,,,,0.35712489397888025,银行,True
sh601288,2022,3,,,,,,,0.3848889591891937,银行,True
sh601288,2022,4,,,,,,,0.3085768600234642,银行,True
sh601288,2023,1,,,,,,,0.3085768600234642,银行,True
sh601288,2023,2,,,,,,,0.33739070058048665,银行,True
sh601288,2023,3,,,,,,,0.38969941982142586,银行,True
sh601288,2023,4,,,,,,,0.3296085795892319,银行,True
sh601288,2024,1,,,,,,,0.3296085795892319,银行,True
sh601288,2024,2,,,,,,,0.4342361153107961,银行,True
sh601288,2024,3,,,,,,,0.7585094937226543,银行,True
sh601288,2024,4,,,,,,,0.3242814374033439,银行,True
sh601288,2025,1,,,,,,,0.3242814374033439,银行,False
sh601288,2025,2,,,,,,,0.02742754827512169,银行,False
sh601288,2025,3,,,,,,,-0.18683498063652423,银行,False
sh601288,2025,4,,,,,,,-0.07916471346452371,银行,False
sh601939,2022,1,,,,,,,0.14876521949004967,银行,True
sh601939,2022,2,,,,,,,0.18430802279640976,银行,True
sh601939,2022,3,,,,,,,0.2506045593855345,银行,True
sh601939,2022,4,,,,,,,0.15779699359571292,银行,True
sh601939,2023,1,,,,,,,0.15779699359571292,银行,True
sh601939,2023,2,,,,,,,0.27406423530705437,银行,True
sh601939,2023,3,,,,,,,0.3341502679097264,银行,True
sh601939,2023,4,,,,,,,0.37365392339505604,银行,True
sh601939,2024,1,,,,,,,0.37365392339505604,银行,True
sh601939,2024,2,,,,,,,0.3242042734170549,银行,True
sh601939,2024,3,,,,,,,0.20541304588977913,银行,True
sh601939,2024,4,,,,,,,0.14729820324684006,银行,True
sh601939,2025,1,,,,,,,0.14729820324684006,银行,False
sh601939,2025,2,,,,,,,0.06451685624733457,银行,False
sh601939,2025,3,,,,,,,0.09716359444550027,银行,False
sh601939,2025,4,,,,,,,-0.014070351758793849,银行,False
sh601988,2022,1,,,,,,,0.30897008932996756,银行,True
sh601988,2022,2,,,,,,,0.36486014058742905,银行,True
sh601988,2022,3,,,,,,,0.37493791596677384,银行,True
sh601988,2022,4,,,,,,,0.2362361547055417,银行,True
sh601988,2023,1,,,,,,,0.2362361547055417,银行,True
sh601988,2023,2,,,,,,,0.2534617116865685,银行,True
sh601988,2023,3,,,,,,,0.29982338014677057,银行,True
sh601988,2023,4,,,,,,,0.32365283441548115,银行,True
sh601988,2024,1,,,,,,,0.32365283441548115,银行,True
sh601988,2024,2,,,,,,,0.2441329763171691,银行,True
sh601988,2024,3,,,,,,,0.21583756669542156,银行,True
sh601988,2024,4,,,,,,,0.06006198763171294,银行,True
sh601988,2025,1,,,,,,,0.06006198763171294,银行,False
sh601988,2025,2,,,,,,,0.06358971448126986,银行,False
sh601988,2025,3,,,,,,,0.05221442341729914,银行,False
sh601988,2025,4,,,,,,,0.006956521739130441,银行,False
sh603444,2022,1,,,,,,,0.7735448527190285,游戏,True
sh603444,2022,2,,,,,,,0.2616365095660557,游戏,True
sh603444,2022,3,,,,,,,0.12054223493444666,游戏,True
sh603444,2022,4,,,,,,,-0.6253648792983703,游戏,True
sh603444,2023,1,,,,,,,-0.6253648792983703,游戏,True
sh603444,2023,2,,,,,,,-0.6068321219115863,游戏,True
sh603444,2023,3,,,,,,,-0.21563071609811799,游戏,True
sh603444,2023,4,,,,,,,0.26263804001026014,游戏,True
sh603444,2024,1,,,,,,,0.26263804001026014,游戏,True
sh603444,2024,2,,,,,,,1.1428935148663286,游戏,True
sh603444,2024,3,,,,,,,1.4064492662241292,游戏,True
sh603444,2024,4,,,,,,,0.7715606239289649,游戏,True
sh603444,2025,1,,,,,,,0.7715606239289649,游戏,False
sh603444,2025,2,,,,,,,0.06385848077726579,游戏,False
sh603444,2025,3,,,,,,,-0.2446846153495492,游戏,False
sh603444,2025,4,,,,,,,-0.133452217211815,游戏,False
sz002555,2022,1,,,,,,,0.4749748581020208,游戏,True
sz002555,2022,2,,,,,,,0.41684199907838143,游戏,True
sz002555,2022,3,,,,,,,0.4789393479910328,游戏,True
sz002555,2022,4,,,,,,,-0.48789096629101975,游戏,True
sz002555,2023,1,,,,,,,-0.48789096629101975,游戏,True
sz002555,2023,2,,,,,,,-0.4797681303553473,游戏,True
sz002555,2023,3,,,,,,,-0.16918697367316676,游戏,True
sz002555,2023,4,,,,,,,-0.030212839715192244,游戏,True
sz002555,2024,1,,,,,,,-0.030212839715192244,游戏,True
sz002555,2024,2,,,,,,,0.3443705524367869,游戏,True
sz002555,2024,3,,,,,,,0.3535229758949739,游戏,True
sz002555,2024,4,,,,,,,0.49650287016676625,游戏,True
sz002555,2025,1,,,,,,,0.49650287016676625,游戏,False
sz002555,2025,2,,,,,,,0.20012136569117275,游戏,False
sz002555,2025,3,,,,,,,-0.05049596376801564,游戏,False
sz002555,2025,4,,,,,,,-0.08806132365105328,游戏,False
sz002558,2022,1,,,,,,,1.1173742803403874,游戏,True
sz002558,2022,2,,,,,,,0.7085837644290589,游戏,True
sz002558,2022,3,,,,,,,0.5520132427902938,游戏,True
sz002558,2022,4,,,,,,,-0.3115821222867078,游戏,True
sz002558,2023,1,,,,,,,-0.3115821222867078,游戏,True
sz002558,2023,2,,,,,,,-0.3318948908943397,游戏,True
sz002558,2023,3,,,,,,,0.07713147238339468,游戏,True
sz002558,2023,4,,,,,,,0.25820782002976006,游戏,True
sz002558,2024,1,,,,,,,0.25820782002976006,游戏,True
sz002558,2024,2,,,,,,,1.6032930408972348,游戏,True
sz002558,2024,3,,,,,,,1.8543063292090156,游戏,True
sz002558,2024,4,,,,,,,1.2893290386886638,游戏,True
sz002558,2025,1,,,,,,,1.2893290386886638,游戏,False
sz002558,2025,2,,,,,,,0.1805980930034442,游戏,False
sz002558,2025,3,,,,,,,-0.2039423098674217,游戏,False
sz002558,2025,4,,,,,,,-0.14888286572967188,游戏,False
sz002517,2022,1,,,,,,,2.651911468812877,游戏,True
sz002517,2022,2,,,,,,,1.4834437086092713,游戏,True
sz002517,2022,3,,,,,,,0.8279410709133415,游戏,True
sz002517,2022,4,,,,,,,-0.34526191996188066,游戏,True
sz002517,2023,1,,,,,,,-0.34526191996188066,游戏,True
sz002517,2023,2,,,,,,,-0.36110394818013575,游戏,True
sz002517,2023,3,,,,,,,0.2736670226455809,游戏,True
sz002517,2023,4,,,,,,,0.4719516089571954,游戏,True
sz002517,2024,1,,,,,,,0.4719516089571954,游戏,True
sz002517,2024,2,,,,,,,0.9828056232629976,游戏,True
sz002517,2024,3,,,,,,,0.7947360184219409,游戏,True
sz002517,2024,4,,,,,,,0.06385111549828029,游戏,True
sz002517,2025,1,,,,,,,0.06385111549828029,游戏,False
sz002517,2025,2,,,,,,,-0.11872885616925999,游戏,False
sz002517,2025,3,,,,,,,-0.3207330730171123,游戏,False
sz002517,2025,4,,,,,,,-0.10010354834636334,游戏,False
sz002602,2022,1,,,,,,,0.43290043290043295,游戏,True
sz002602,2022,2,,,,,,,0.18080357142857156,游戏,True
sz002602,2022,3,,,,,,,0.5880758807588077,游戏,True
sz002602,2022,4,,,,,,,-0.2930513595166163,游戏,True
sz002602,2023,1,,,,,,,-0.2930513595166163,游戏,True
sz002602,2023,2,,,,,,,-0.37996219281663524,游戏,True
sz002602,2023,3,,,,,,,-0.19453924914675763,游戏,True
sz002602,2023,4,,,,,,,0.5876068376068377,游戏,True
sz002602,2024,1,,,,,,,0.5876068376068377,游戏,True
sz002602,2024,2,,,,,,,2.8750000000000004,游戏,True
sz002602,2024,3,,,,,,,2.7224576271186436,游戏,True
sz002602,2024,4,,,,,,,1.154777927321669,游戏,True
sz002602,2025,1,,,,,,,1.154777927321669,游戏,False
sz002602,2025,2,,,,,,,0.08544219129107497,游戏,False
sz002602,2025,3,,,,,,,-0.21479964420548872,游戏,False
sz002602,2025,4,,,,,,,-0.13829042777579248,游戏,False
sz300533,2022,1,,,,,,,1.6105853487556954,游戏,True
sz300533,2022,2,,,,,,,0.7654975140045316,游戏,True
sz300533,2022,3,,,,,,,0.5746428441820799,游戏,True
sz300533,2022,4,,,,,,,-0.6004195790139458,游戏,True
sz300533,2023,1,,,,,,,-0.6004195790139458,游戏,True
sz300533,2023,2,,,,,,,-0.5052701460072735,游戏,True
sz300533,2023,3,,,,,,,-0.28470071015771836,游戏,True
sz300533,2023,4,,,,,,,0.2373918726929765,游戏,True
sz300533,2024,1,,,,,,,0.2373918726929765,游戏,True
sz300533,2024,2,,,,,,,1.2656641604010026,游戏,True
sz300533,2024,3,,,,,,,1.0998324073525692,游戏,True
sz300533,2024,4,,,,,,,0.201806579136968,游戏,True
sz300533,2025,1,,,,,,,0.201806579136968,游戏,False
sz300533,2025,2,,,,,,,-0.3212633418749131,游戏,False
sz300533,2025,3,,,,,,,-0.3647754554160218,游戏,False
sz300533,2025,4,,,,,,,-0.10075503215037744,游戏,False
sz300002,2022,1,,,,,,,2.8709883542980665,游戏,True
sz300002,2022,2,,,,,,,1.4283166755727748,游戏,True
sz300002,2022,3,,,,,,,0.9448439048105346,游戏,True
sz300002,2022,4,,,,,,,-0.33481682441866817,游戏,True
sz300002,2023,1,,,,,,,-0.33481682441866817,游戏,True
sz300002,2023,2,,,,,,,-0.19020366880414133,游戏,True
sz300002,2023,3,,,,,,,0.5246062018657747,游戏,True
sz300002,2023,4,,,,,,,0.13783385801311326,游戏,True
sz300002,2024,1,,,,,,,0.13783385801311326,游戏,True
sz300002,2024,2,,,,,,,0.5261089384157801,游戏,True
sz300002,2024,3,,,,,,,-0.045629981993662916,游戏,True
sz300002,2024,4,,,,,,,-0.10453841974893859,游戏,True
sz300002,2025,1,,,,,,,-0.10453841974893859,游戏,False
sz300002,2025,2,,,,,,,-0.41579068410391323,游戏,False
sz300002,2025,3,,,,,,,-0.39321022534806127,游戏,False
sz300002,2025,4,,,,,,,-0.241668688615871,游戏,False
sz002605,2022,1,,,,,,,1.4837258591221354,游戏,True
sz002605,2022,2,,,,,,,1.3757998752198557,游戏,True
sz002605,2022,3,,,,,,,0.7583358814743593,游戏,True
sz002605,2022,4,,,,,,,-0.2743817960849484,游戏,True
sz002605,2023,1,,,,,,,-0.2743817960849484,游戏,True
sz002605,2023,2,,,,,,,-0.43436283246717095,游戏,True
sz002605,2023,3,,,,,,,0.19610018357614017,游戏,True
sz002605,2023,4,,,,,,,0.08978754291082543,游戏,True
sz002605,2024,1,,,,,,,0.08978754291082543,游戏,True
sz002605,2024,2,,,,,,,0.48886871267862764,游戏,True
sz002605,2024,3,,,,,,,-0.010540457673837697,游戏,True
sz002605,2024,4,,,,,,,-0.22968634350422112,游戏,True
sz002605,2025,1,,,,,,,-0.22968634350422112,游戏,False
sz002605,2025,2,,,,,,,-0.258561557669632,游戏,False
sz002605,2025,3,,,,,,,-0.24855756943464252,游戏,False
sz002605,2025,4,,,,,,,-0.04868635193434004,游戏,False
sh600633,2022,1,,,,,,,1.5020147026358122,游戏,True
sh600633,2022,2,,,,,,,1.2374398204376498,游戏,True
sh600633,2022,3,,,,,,,0.8269291531024509,游戏,True
sh600633,2022,4,,,,,,,-0.30128148126635207,游戏,True
sh600633,2023,1,,,,,,,-0.30128148126635207,游戏,True
sh600633,2023,2,,,,,,,-0.37904259068665347,游戏,True
sh600633,2023,3,,,,,,,-0.038437927704125525,游戏,True
sh600633,2023,4,,,,,,,0.4150717684379466,游戏,True
sh600633,2024,1,,,,,,,0.4150717684379466,游戏,True
sh600633,2024,2,,,,,,,0.621128801890992,游戏,True
sh600633,2024,3,,,,,,,0.2636075676268,游戏,True
sh600633,2024,4,,,,,,,-0.051472730520298965,游戏,True
sh600633,2025,1,,,,,,,-0.051472730520298965,游戏,False
sh600633,2025,2,,,,,,,-0.2301646700460655,游戏,False
sh600633,2025,3,,,,,,,-0.21888084563394558,游戏,False
sh600633,2025,4,,,,,,,-0.19089868080528363,游戏,False
sz300043,2022,1,,,,,,,1.0112781954887216,游戏,True
sz300043,2022,2,,,,,,,0.2442244224422441,游戏,True
sz300043,2022,3,,,,,,,0.23157894736842105,游戏,True
sz300043,2022,4,,,,,,,-0.5121495327102804,游戏,True
sz300043,2023,1,,,,,,,-0.5121495327102804,游戏,True
sz300043,2023,2,,,,,,,-0.3580901856763925,游戏,True
sz300043,2023,3,,,,,,,-0.07122507122507124,游戏,True
sz300043,2023,4,,,,,,,0.3448275862068966,游戏,True
sz300043,2024,1,,,,,,,0.3448275862068966,游戏,True
sz300043,2024,2,,,,,,,0.8926257032502215,游戏,True
sz300043,2024,3,,,,,,,0.9183634411969867,游戏,True
sz300043,2024,4,,,,,,,0.6703698766832734,游戏,True
sz300043,2025,1,,,,,,,0.6703698766832734,游戏,False
sz300043,2025,2,,,,,,,-0.07658643326039398,游戏,False
sz300043,2025,3,,,,,,,-0.3237179487179488,游戏,False
sz300043,2025,4,,,,,,,-0.27863247863247864,游戏,False
sz300031,2022,1,,,,,,,1.1258564398606965,游戏,True
sz300031,2022,2,,,,,,,0.1541019955654103,游戏,True
sz300031,2022,3,,,,,,,0.20780195048762196,游戏,True
sz300031,2022,4,,,,,,,-0.5184439973172367,游戏,True
sz300031,2023,1,,,,,,,-0.5184439973172367,游戏,True
sz300031,2023,2,,,,,,,-0.2186189431702799,游戏,True
sz300031,2023,3,,,,,,,0.18822228410727868,游戏,True
sz300031,2023,4,,,,,,,0.6077300170975952,游戏,True
sz300031,2024,1,,,,,,,0.6077300170975952,游戏,True
sz300031,2024,2,,,,,,,0.5013614410015039,游戏,True
sz300031,2024,3,,,,,,,0.22772370715290371,游戏,True
sz300031,2024,4,,,,,,,0.010328944426542343,游戏,True
sz300031,2025,1,,,,,,,0.010328944426542343,游戏,False
sz300031,2025,2,,,,,,,0.2708505367464906,游戏,False
sz300031,2025,3,,,,,,,0.321597252039502,游戏,False
sz300031,2025,4,,,,,,,0.33073929961089504,游戏,False
sz002624,2022,1,,,,,,,0.6824221945791296,游戏,True
sz002624,2022,2,,,,,,,0.012785044016481202,游戏,True
sz002624,2022,3,,,,,,,0.07200164224858246,游戏,True
sz002624,2022,4,,,,,,,-0.5558672084529552,游戏,True
sz002624,2023,1,,,,,,,-0.5558672084529552,游戏,True
sz002624,2023,2,,,,,,,-0.4510627419498489,游戏,True
sz002624,2023,3,,,,,,,-0.12244607357361467,游戏,True
sz002624,2023,4,,,,,,,0.42825842636342226,游戏,True
sz002624,2024,1,,,,,,,0.42825842636342226,游戏,True
sz002624,2024,2,,,,,,,0.8858833390312331,游戏,True
sz002624,2024,3,,,,,,,0.7372308559871557,游戏,True
sz002624,2024,4,,,,,,,0.13730683820706072,游戏,True
sz002624,2025,1,,,,,,,0.13730683820706072,游戏,False
sz002624,2025,2,,,,,,,-0.16000735543223613,游戏,False
sz002624,2025,3,,,,,,,-0.2865211337734405,游戏,False
sz002624,2025,4,,,,,,,-0.19645674040361844,游戏,False
sz300113,2022,1,,,,,,,0.7924642658119444,游戏,True
sz300113,2022,2,,,,,,,0.18513390553137543,游戏,True
sz300113,2022,3,,,,,,,0.47778874273928923,游戏,True
sz300113,2022,4,,,,,,,-0.35517061287185325,游戏,True
sz300113,2023,1,,,,,,,-0.35517061287185325,游戏,True
sz300113,2023,2,,,,,,,-0.33767011872762664,游戏,True
sz300113,2023,3,,,,,,,0.0027672850370587553,游戏,True
sz300113,2023,4,,,,,,,0.6172412367208108,游戏,True
sz300113,2024,1,,,,,,,0.6172412367208108,游戏,True
sz300113,2024,2,,,,,,,0.8954687038076591,游戏,True
sz300113,2024,3,,,,,,,0.5048875368143385,游戏,True
sz300113,2024,4,,,,,,,0.3573536774290138,游戏,True
sz300113,2025,1,,,,,,,0.3573536774290138,游戏,False
sz300113,2025,2,,,,,,,-0.023817683274679688,游戏,False
sz300113,2025,3,,,,,,,-0.133560754239267,游戏,False
sz300113,2025,4,,,,,,,-0.2433234457053931,游戏,False
sh600295,2022,1,0.069786,0.266005,0.19208,1.003669,0.195301,1.595423,-0.1855146451930682,钢铁,True
sh600295,2022,2,0.172157,0.312949,0.22515,1.064103,0.397651,2.963594,-0.20015633676198757,钢铁,True
sh600295,2022,3,0.233047,0.315825,0.218382,0.222961,0.570394,4.233621,0.014563632631203081,钢铁,True
sh600295,2022,4,0.24278,0.293625,0.183439,-0.184889,0.745919,5.88735,0.25990305134999464,钢铁,True
sh600295,2023,1,0.048191,0.23689,0.178188,-0.269709,0.155419,1.383511,0.25990305134999464,钢铁,True
sh600295,2023,2,0.083407,0.201624,0.146178,-0.501979,0.313935,2.99378,-0.06376123928419077,钢铁,True
sh600295,2023,3,0.12259,0.214567,0.146177,-0.473301,0.454431,4.12862,0.09827390815358836,钢铁,True
sh600295,2023,4,0.139278,0.22631,0.122397,-0.43911,0.634279,5.788992,-0.20588772744315637,钢铁,True
sh600295,2024,1,0.016144,0.159839,0.059269,-0.701847,0.137934,1.384655,-0.20588772744315637,钢铁,True
sh600295,2024,2,0.048629,0.186767,0.089345,-0.445206,0.271729,2.606698,0.2771759915132806,钢铁,True
sh600295,2024,3,0.08164,0.20027,0.100155,-0.369398,0.402608,3.836737,0.23964900062963923,钢铁,True
sh600295,2024,4,0.087496,0.206496,0.069288,-0.473741,0.586236,5.894467,0.8434962794452684,钢铁,True
sh600295,2025,1,0.021653,0.237552,0.091552,0.291509,0.115858,1.109446,0.8434962794452684,钢铁,False
sh600295,2025,2,0.047947,0.22614,0.099258,-0.020448,0.247665,2.424772,0.13525125003978306,钢铁,False
sh600295,2025,3,0.081351,0.236936,0.112218,0.011091,0.381733,3.600131,0.041844501618788194,钢铁,False
sh600295,2025,4,0.110572,0.253052,0.103565,0.354601,0.548356,5.059535,-0.264658571288845,钢铁,False
sh600382,2022,1,0.014041,0.729508,0.291402,-0.811176,0.038462,0.786659,0.01596231445335332,钢铁,True
sh600382,2022,2,0.063301,0.75087,0.48346,-0.567975,0.105602,1.912209,0.12922159704327915,钢铁,True
sh600382,2022,3,0.078256,0.731797,0.447727,-0.627431,0.141743,2.58578,0.20600643107244196,钢铁,True
sh600382,2022,4,0.075877,0.714431,0.312454,-0.731334,0.195634,3.722295,-0.11088731149610817,钢铁,True
sh600382,2023,1,0.020973,0.744035,0.45419,0.330229,0.040374,0.557946,-0.11088731149610817,钢铁,True
sh600382,2023,2,0.038918,0.693198,0.457422,-0.435345,0.072265,1.159145,-0.2471444110879738,钢铁,True
sh600382,2023,3,0.057591,0.674645,0.422859,-0.3296,0.118382,2.047245,-0.09337226894841653,钢铁,True
sh600382,2023,4,0.045294,0.685324,0.224802,-0.475065,0.171646,2.915071,0.1531996148944338,钢铁,True
sh600382,2024,1,0.010932,0.711812,0.290636,-0.558496,0.032085,0.466757,0.1531996148944338,钢铁,True
sh600382,2024,2,0.009891,0.595541,0.141267,-0.781764,0.059971,1.269359,0.5213811354332026,钢铁,True
sh600382,2024,3,0.007414,0.533369,0.086083,-0.888926,0.07585,1.730818,0.895622841198902,钢铁,True
sh600382,2024,4,0.001859,0.537572,0.010654,-0.970146,0.121748,2.943405,0.906846607679164,钢铁,True
sh600382,2025,1,0.019534,0.603072,0.329365,0.547025,0.049194,0.930153,0.906846607679164,钢铁,False
sh600382,2025,2,0.042016,0.623113,0.306826,2.744281,0.113142,1.905914,0.36257435437197294,钢铁,False
sh600382,2025,3,0.083327,0.632668,0.347291,9.115875,0.200738,4.086867,-0.011901862747943455,钢铁,False
sh600382,2025,4,0.062986,0.625507,0.189201,39.082221,0.2778,5.252205,-0.15313091959122918,钢铁,False
sh601003,2022,1,-0.041535,0.011804,-0.034277,-1.907358,0.311859,1.461642,0.06968296271454115,钢铁,True
sh601003,2022,2,-0.080594,0.007066,-0.03353,-1.566594,0.620968,2.846907,0.1827676240208879,钢铁,True
sh601003,2022,3,-0.234042,-0.023269,-0.064368,-2.130986,0.862907,4.861062,0.023598820058997112,钢铁,True
sh601003,2022,4,-0.209165,-0.009442,-0.043782,-2.538096,1.121418,6.551589,-0.33710407239819,钢铁,True
sh601003,2023,1,0.027003,0.042655,0.015487,1.337738,0.235062,1.730275,-0.33710407239819,钢铁,True
sh601003,2023,2,-0.014857,0.024911,-0.009442,0.765579,0.52295,4.164518,-0.3973509933774835,钢铁,True
sh601003,2023,3,-0.05395,0.020353,-0.01724,0.755161,0.798818,6.11007,-0.07492795389048995,钢铁,True
sh601003,2023,4,-0.108678,0.020551,-0.016398,0.630381,1.138169,8.799996,0.09897610921501715,钢铁,True
sh601003,2024,1,0.004245,0.049884,0.001914,-0.856089,0.294372,2.014317,0.09897610921501715,钢铁,True
sh601003,2024,2,0.006123,0.050982,0.001649,1.175929,0.559468,4.030148,1.3223443223443223,钢铁,True
sh601003,2024,3,-0.035538,0.035633,-0.010256,0.445931,0.800053,6.494819,0.6822429906542056,钢铁,True
sh601003,2024,4,-0.050378,0.037437,-0.008597,0.538484,1.05263,8.592646,0.4192546583850932,钢铁,True
sh601003,2025,1,0.030629,0.065585,0.027058,11.107845,0.263011,2.671555,0.4192546583850932,钢铁,False
sh601003,2025,2,0.042982,0.057201,0.020044,10.146129,0.540329,5.734289,-0.4364275471286978,钢铁,False
sh601003,2025,3,0.075805,0.061637,0.026026,3.427877,0.791256,7.939291,-0.3383241942214711,钢铁,False
sh601003,2025,4,0.077088,0.057134,0.020215,3.309849,1.093058,10.987372,-0.2181511266511913,钢铁,False
sh601686,2022,1,0.02123,0.028049,0.008776,-0.588143,0.895692,3.431113,-0.03677166079074588,钢铁,True
sh601686,2022,2,0.029439,0.021095,0.00506,-0.712602,1.823043,7.044453,0.025985450501361765,钢铁,True
sh601686,2022,3,0.011473,0.015487,0.000185,-0.982909,2.98365,14.398909,0.1969153997857248,钢铁,True
sh601686,2022,4,0.046905,0.019266,0.003245,-0.623077,4.126348,20.275248,-0.12006574739075165,钢铁,True
sh601686,2023,1,0.033274,0.034022,0.015115,0.627871,0.82109,4.288383,-0.12006574739075165,钢铁,True
sh601686,2023,2,0.051966,0.028034,0.010452,0.838534,1.763708,9.920621,-0.23750433244906405,钢铁,True
sh601686,2023,3,0.067838,0.028077,0.009149,42.727337,2.599508,14.128497,-0.09344280182406596,钢铁,True
sh601686,2023,4,0.086684,0.028518,0.00939,1.616994,3.538617,18.713393,0.034572091018441144,钢铁,True
sh601686,2024,1,0.000209,0.022964,0.000348,-0.982768,0.609285,2.804751,0.034572091018441144,钢铁,True
sh601686,2024,2,0.016811,0.025987,0.004884,-0.59784,1.368576,6.996647,0.20566470178716742,钢铁,True
sh601686,2024,3,0.01542,0.021835,0.003105,-0.706008,1.925824,12.679571,0.2542362721849881,钢铁,True
sh601686,2024,4,0.063051,0.029503,0.008794,-0.15716,2.511787,15.631514,0.048491449514581404,钢铁,True
sh601686,2025,1,0.019737,0.0332,0.013049,38.748607,0.439297,3.165177,0.048491449514581404,钢铁,False
sh601686,2025,2,0.042813,0.032436,0.01285,1.477874,0.983096,7.554752,-0.1577552939868756,钢铁,False
sh601686,2025,3,0.073365,0.033052,0.014464,3.416749,1.440594,10.575574,-0.21672524296191928,钢铁,False
sh601686,2025,4,0.100571,0.032098,0.014645,0.539268,2.006784,14.401737,-0.11669658886894081,钢铁,False
sh603995,2022,1,0.034362,0.047443,0.018523,0.158753,0.823475,4.45995,-0.17298926500384934,钢铁,True
sh603995,2022,2,0.079197,0.047951,0.017662,0.09496,2.032668,10.790123,-0.28991275146199275,钢铁,True
sh603995,2022,3,0.091179,0.045531,0.014173,-0.179979,2.864155,15.137999,-0.08547898596427049,钢铁,True
sh603995,2022,4,0.125466,0.045693,0.015236,-0.151064,3.874177,21.950626,-0.2824786654489251,钢铁,True
sh603995,2023,1,0.020187,0.047631,0.015879,-0.223141,0.64956,3.522911,-0.2824786654489251,钢铁,True
sh603995,2023,2,0.045355,0.047518,0.016482,-0.228784,1.521952,8.030515,-0.20317711053112628,钢铁,True
sh603995,2023,3,0.067726,0.047045,0.015689,0.005469,2.397286,12.148803,-0.09345345774370442,钢铁,True
sh603995,2023,4,0.098368,0.047858,0.015505,0.025894,3.447132,18.243149,-0.09643926293246595,钢铁,True
sh603995,2024,1,0.023458,0.04794,0.017814,0.394346,0.690376,3.225745,-0.09643926293246595,钢铁,True
sh603995,2024,2,0.08105,0.058119,0.026027,0.848952,1.510563,7.346926,-0.0568982077153793,钢铁,True
sh603995,2024,3,0.109059,0.057419,0.023857,0.705926,2.225217,9.864524,0.014523479629522785,钢铁,True
sh603995,2024,4,0.147386,0.057435,0.023025,0.559082,3.102374,15.465687,0.2454963817533063,钢铁,True
sh603995,2025,1,0.017921,0.045612,0.012771,-0.276676,0.633142,2.893321,0.2454963817533063,钢铁,False
sh603995,2025,2,0.052399,0.052747,0.017947,-0.316304,1.343738,5.938324,0.42045597597070955,钢铁,False
sh603995,2025,3,0.077603,0.050501,0.016937,-0.275814,2.078681,9.092203,0.3594783662455845,钢铁,False
sh603995,2025,4,0.094053,0.048815,0.015178,-0.332197,2.838812,12.815472,0.2858224176099879,钢铁,False
sz000655,2022,1,0.014013,0.281585,0.132527,-0.559144,0.095786,2.986509,0.1711976543887479,钢铁,True
sz000655,2022,2,0.055075,0.299984,0.204393,-0.350664,0.238874,8.300363,-0.08878076293246119,钢铁,True
sz000655,2022,3,0.067012,0.259341,0.18245,-0.465971,0.324155,12.703181,0.1766142013874449,钢铁,True
sz000655,2022,4,0.068163,0.211243,0.151221,0.464328,0.396938,18.076553,-0.06606325857245998,钢铁,True
sz000655,2023,1,0.005342,0.199545,0.06395,-0.612861,0.074264,3.010084,-0.06606325857245998,钢铁,True
sz000655,2023,2,0.03429,0.206529,0.163847,-0.354945,0.188083,10.052051,-0.19389458491145004,钢铁,True
sz000655,2023,3,0.056347,0.221759,0.167526,-0.121882,0.297365,14.473411,-0.07234886698255132,钢铁,True
sz000655,2023,4,0.074272,0.221509,0.165135,0.15671,0.39897,18.45216,0.05150735050952274,钢铁,True
sz000655,2024,1,0.006729,0.170227,0.081753,0.363273,0.074419,2.904814,0.05150735050952274,钢铁,True
sz000655,2024,2,0.024417,0.175863,0.118884,-0.245195,0.185017,7.44007,0.5082013072515043,钢铁,True
sz000655,2024,3,0.045444,0.17407,0.140046,-0.144423,0.291314,13.461768,0.5978308226189202,钢铁,True
sz000655,2024,4,0.061589,0.167574,0.135497,-0.127908,0.403622,16.797705,0.31940944671633803,钢铁,True
sz000655,2025,1,0.014516,0.240919,0.140428,1.181206,0.091257,2.599042,0.31940944671633803,钢铁,False
sz000655,2025,2,0.044242,0.277073,0.199698,0.850662,0.193761,5.949611,-0.15355997218966086,钢铁,False
sz000655,2025,3,0.064219,0.25768,0.180648,0.45729,0.314278,11.598977,-0.32506360311707166,钢铁,False
sz000655,2025,4,0.078244,0.219634,0.16513,0.311825,0.416536,18.596414,-0.1807927513987994,钢铁,False
sz000708,2022,1,0.056809,0.164037,0.079396,0.010323,0.274228,2.035657,-0.08022972347860799,钢铁,True
sz000708,2022,2,0.114465,0.161374,0.073005,-0.096765,0.590757,4.023428,-0.1265741359445932,钢铁,True
sz000708,2022,3,0.163552,0.152965,0.07356,-0.063495,0.859722,6.376747,-0.06188726639615431,钢铁,True
sz000708,2022,4,0.205711,0.147353,0.072289,-0.086877,1.119774,8.4302,-0.05060975609756092,钢铁,True
sz000708,2023,1,0.039882,0.1356,0.053776,-0.229229,0.264153,1.730329,-0.05060975609756092,钢铁,True
sz000708,2023,2,0.084311,0.136243,0.053243,-0.179171,0.568666,3.898182,-0.22977829279397236,钢铁,True
sz000708,2023,3,0.119104,0.13664,0.052073,-0.189885,0.830224,5.747552,-0.13709945187989217,钢铁,True
sz000708,2023,4,0.152797,0.131386,0.051729,-0.17037,1.100136,7.078772,-0.2211207411857092,钢铁,True
sz000708,2024,1,0.034595,0.123056,0.049961,-0.055681,0.246619,1.449816,-0.2211207411857092,钢铁,True
sz000708,2024,2,0.070666,0.12304,0.04986,-0.084729,0.497999,2.89652,0.08489485125069278,钢铁,True
sz000708,2024,3,0.098032,0.123705,0.048201,-0.105531,0.727562,4.414156,0.2790320311732039,钢铁,True
sz000708,2024,4,0.128882,0.128463,0.049069,-0.09149,0.959815,5.605276,0.380274225748492,钢铁,True
sz000708,2025,1,0.033199,0.138185,0.053892,0.018404,0.24253,1.472258,0.380274225748492,钢铁,False
sz000708,2025,2,0.067979,0.143655,0.053555,0.030971,0.495373,2.972045,0.08001277475380265,钢铁,False
sz000708,2025,3,0.104399,0.14724,0.055326,0.116232,0.732306,4.417587,-0.056638451481777076,钢铁,False
sz000708,2025,4,0.140293,0.149352,0.05641,0.130346,0.970099,5.538231,-0.09746590210617223,钢铁,False
sz000778,2022,1,0.023884,0.102259,0.049305,0.187534,0.240221,2.020999,0.018067201002426665,钢铁,True
sz000778,2022,2,0.044728,0.082378,0.045836,-0.190587,0.493686,4.298639,0.027893643848088918,钢铁,True
sz000778,2022,3,0.057506,0.07853,0.040844,-0.237295,0.701885,6.318554,0.21664372211344374,钢铁,True
sz000778,2022,4,0.069587,0.073105,0.040165,-0.12006,0.873945,8.208462,-0.18211319037510057,钢铁,True
sz000778,2023,1,0.013732,0.052504,0.030295,-0.43969,0.209412,1.98096,-0.18211319037510057,钢铁,True
sz000778,2023,2,0.033801,0.057288,0.036078,-0.284116,0.434458,4.366088,-0.15020668027966977,钢铁,True
sz000778,2023,3,0.043693,0.059798,0.031791,-0.265263,0.647096,6.29721,-0.03471884694450628,钢铁,True
sz000778,2023,4,0.053925,0.062929,0.032656,-0.263677,0.776214,7.397867,-0.09055459542131723,钢铁,True
sz000778,2024,1,0.006691,0.049893,0.016716,-0.575162,0.164843,1.372062,-0.09055459542131723,钢铁,True
sz000778,2024,2,0.01676,0.059374,0.021086,-0.553544,0.338815,2.954896,0.05289839748305337,钢铁,True
sz000778,2024,3,0.018894,0.055906,0.0157,-0.631791,0.491227,4.435911,0.11914384431043587,钢铁,True
sz000778,2024,4,0.006583,0.054009,-0.000795,-1.020377,0.665452,6.47079,0.37238368364326846,钢铁,True
sz000778,2025,1,0.005382,0.076069,0.018328,0.006364,0.154247,1.529627,0.37238368364326846,钢铁,False
sz000778,2025,2,0.015729,0.078662,0.024769,0.111755,0.328118,3.206531,0.03183023872679048,钢铁,False
sz000778,2025,3,0.027114,0.078741,0.027719,0.772188,0.50716,4.624094,-0.10161662817551961,钢铁,False
sz000778,2025,4,0.036582,0.076948,0.027377,36.213989,0.702852,6.404851,-0.15434782608695644,钢铁,False
sz000923,2022,1,0.034123,0.729286,0.282602,-0.366391,0.106562,0.875013,-0.009853334322870154,钢铁,True
sz000923,2022,2,0.052968,0.674841,0.225277,-0.61433,0.193732,1.824168,0.21519879126963093,钢铁,True
sz000923,2022,3,0.050267,0.591706,0.143157,-0.738562,0.262374,2.86731,0.781564164940259,钢铁,True
sz000923,2022,4,0.078381,0.647165,0.19142,-0.52156,0.343503,3.177015,0.3405942323437747,钢铁,True
sz000923,2023,1,0.021334,0.595223,0.234029,-0.400971,0.075029,0.739192,0.3405942323437747,钢铁,True
sz000923,2023,2,0.042428,0.588201,0.220083,-0.175443,0.153396,1.562744,-0.02564625476326171,钢铁,True
sz000923,2023,3,0.073943,0.603817,0.234157,0.735676,0.25734,2.603666,-0.07433772858024434,钢铁,True
sz000923,2023,4,0.100508,0.630215,0.21629,0.311852,0.374808,3.69414,-0.265582452457641,钢铁,True
sz000923,2024,1,0.025537,0.670369,0.220448,0.33155,0.099646,0.881812,-0.265582452457641,钢铁,True
sz000923,2024,2,0.051308,0.665797,0.207312,0.298467,0.200726,1.869241,0.01420113264466825,钢铁,True
sz000923,2024,3,0.061453,0.62477,0.167431,-0.165347,0.282198,2.999715,0.32443524908395593,钢铁,True
sz000923,2024,4,0.060145,0.615681,0.127958,-0.437122,0.346053,3.458621,0.34614166895002363,钢铁,True
sz000923,2025,1,0.01285,0.573986,0.141047,-0.509355,0.074124,0.693197,0.34614166895002363,钢铁,False
sz000923,2025,2,0.026939,0.613915,0.127719,-0.466041,0.166679,1.482693,-0.03879011856339181,钢铁,False
sz000923,2025,3,0.054055,0.600647,0.162655,-0.101129,0.248885,2.16358,-0.2904989461822583,钢铁,False
sz000923,2025,4,0.056532,0.602289,0.133135,0.088399,0.331883,3.079149,-0.20814614529269895,钢铁,False
sz002075,2022,1,0.031648,0.126159,0.078383,-0.153095,0.297393,1.950711,-0.16727733328252473,钢铁,True
sz002075,2022,2,0.057996,0.116934,0.066373,-0.395937,0.613897,3.906868,-0.04811525034485018,钢铁,True
sz002075,2022,3,0.068056,0.099087,0.052286,-0.540872,0.872482,6.023922,0.04633681477650722,钢铁,True
sz002075,2022,4,0.072292,0.085922,0.044123,-0.620257,1.126895,7.880581,0.030488631715613487,钢铁,True
sz002075,2023,1,0.008005,0.051765,0.021219,-0.773298,0.23162,1.830744,0.030488631715613487,钢铁,True
sz002075,2023,2,0.016626,0.063033,0.02222,-0.737408,0.443394,3.741513,0.058631940494111225,钢铁,True
sz002075,2023,3,0.025716,0.062391,0.022935,-0.642349,0.62336,5.418353,0.6310837552927685,钢铁,True
sz002075,2023,4,0.029974,0.059319,0.017663,-0.661677,0.761867,6.851462,0.48811443511939434,钢铁,True
sz002075,2024,1,0.006513,0.046832,0.012557,-0.435393,0.164045,1.671659,0.48811443511939434,钢铁,True
sz002075,2024,2,0.016131,0.058836,0.017157,-0.293442,0.340067,3.375867,0.35237430775840156,钢铁,True
sz002075,2024,3,0.016337,0.046551,0.009971,-0.628311,0.427203,4.821278,-0.09746912042402775,钢铁,True
sz002075,2024,4,0.025203,0.047537,0.012609,-0.429238,0.60297,6.783026,-0.23820377707017987,钢铁,True
sz002075,2025,1,0.010664,0.065228,0.037208,1.255707,0.134971,1.677552,-0.23820377707017987,钢铁,False
sz002075,2025,2,0.024102,0.088424,0.042694,1.218171,0.265157,3.468825,-0.4048148595651759,钢铁,False
sz002075,2025,3,0.035599,0.096922,0.04163,2.971124,0.422717,4.895332,-0.389486241331483,钢铁,False
sz002075,2025,4,0.041233,0.091024,0.037488,1.705931,0.563481,7.011415,-0.20523208894053427,钢铁,False
sz002318,2022,1,0.037355,0.236422,0.147166,0.355384,0.165611,0.640601,0.034742442218158226,钢铁,True
sz002318,2022,2,0.09812,0.244271,0.169769,0.336968,0.370125,1.432541,0.022837070562289084,钢铁,True
sz002318,2022,3,0.161032,0.246794,0.185076,0.424181,0.561237,2.155819,0.23334347986582896,钢铁,True
sz002318,2022,4,0.227642,0.252825,0.198506,0.618004,0.738704,2.799641,0.6256510416666666,钢铁,True
sz002318,2023,1,0.036707,0.236762,0.13964,0.207557,0.167955,0.615253,0.6256510416666666,钢铁,True
sz002318,2023,2,0.111837,0.229209,0.189501,0.407505,0.36758,1.323634,0.2308462798958674,钢铁,True
sz002318,2023,3,0.168602,0.247746,0.180025,0.25796,0.577066,2.074226,0.1332086994666813,钢铁,True
sz002318,2023,4,0.221138,0.261805,0.174101,0.149548,0.748771,2.848422,-0.00636563023692577,钢铁,True
sz002318,2024,1,0.044966,0.270019,0.144742,0.475035,0.183973,0.722718,-0.00636563023692577,钢铁,True
sz002318,2024,2,0.089227,0.249055,0.137672,-0.067712,0.373105,1.351289,0.08736867953283416,钢铁,True
sz002318,2024,3,0.140955,0.269274,0.150283,-0.031031,0.52976,1.667634,0.1756827253528994,钢铁,True
sz002318,2024,4,0.197089,0.276304,0.139237,0.019077,0.803344,2.699004,0.28717948717948716,钢铁,True
sz002318,2025,1,0.048586,0.280825,0.138175,0.151987,0.199236,0.575502,0.28717948717948716,钢铁,False
sz002318,2025,2,0.105908,0.27196,0.137193,0.25946,0.420711,1.200104,0.11297773421133767,钢铁,False
sz002318,2025,3,0.157361,0.252811,0.131101,0.190315,0.706335,2.238825,-0.02396388355604468,钢铁,False
sz002318,2025,4,0.183058,0.246579,0.126756,0.005433,0.858771,2.893103,-0.1730265042612969,钢铁,False
sz002443,2022,1,0.015591,0.108509,0.039562,-0.350942,0.305541,1.015623,-0.14314801115298106,钢铁,True
sz002443,2022,2,0.04178,0.115652,0.045794,-0.32639,0.656712,2.151727,-0.04536877863506855,钢铁,True
sz002443,2022,3,0.051309,0.106264,0.038627,-0.427143,1.008053,3.266188,0.222474149635038,钢铁,True
sz002443,2022,4,0.076336,0.10859,0.043355,-0.360579,1.327565,4.495511,-0.11099363007337708,钢铁,True
sz002443,2023,1,0.0201,0.122421,0.057407,0.324211,0.263234,0.849205,-0.11099363007337708,钢铁,True
sz002443,2023,2,0.043357,0.122409,0.053958,0.115688,0.623883,2.004946,-0.2111573582934418,钢铁,True
sz002443,2023,3,0.071228,0.128753,0.059168,0.468564,0.932428,3.080784,-0.1288960291746593,钢铁,True
sz002443,2023,4,0.087945,0.122977,0.055449,0.206121,1.225625,4.350171,-0.01612952933741448,钢铁,True
sz002443,2024,1,0.014535,0.128441,0.054645,-0.206138,0.224266,0.815581,-0.01612952933741448,钢铁,True
sz002443,2024,2,0.029586,0.117911,0.048427,-0.269389,0.517442,1.927085,0.29462441913775084,钢铁,True
sz002443,2024,3,0.036138,0.10957,0.042095,-0.442451,0.74629,2.918198,0.36241911953837225,钢铁,True
sz002443,2024,4,0.058857,0.108547,0.050209,-0.27207,1.009744,4.110793,1.120621456114036,钢铁,True
sz002443,2025,1,0.007506,0.111048,0.036456,-0.435226,0.193879,0.837885,1.120621456114036,钢铁,False
sz002443,2025,2,0.016712,0.106253,0.033841,-0.397885,0.44861,1.861962,0.4415411280840757,钢铁,False
sz002443,2025,3,0.027146,0.107168,0.034274,-0.240614,0.693572,3.016771,0.21124614298771718,钢铁,False
sz002443,2025,4,0.03964,0.104808,0.037124,-0.318183,0.912759,4.253952,-0.16113020502539857,钢铁,False
sz300881,2022,1,0.016712,0.141567,0.049594,0.118142,0.172974,1.002988,0.7559224541260978,钢铁,True
sz300881,2022,2,0.036487,0.140751,0.049887,0.355361,0.376607,2.071521,0.5196577130369134,钢铁,True
sz300881,2022,3,0.05931,0.136551,0.053104,0.463327,0.579743,3.116495,-0.101077045930746,钢铁,True
sz300881,2022,4,0.090954,0.128567,0.060859,0.403212,0.778791,4.286032,-0.24497438076335107,钢铁,True
sz300881,2023,1,0.023691,0.15009,0.066014,0.537058,0.189687,0.866515,-0.24497438076335107,钢铁,True
sz300881,2023,2,0.060725,0.151258,0.071644,0.79453,0.426459,1.810685,-0.27921810287208165,钢铁,True
sz300881,2023,3,0.084496,0.132838,0.058485,0.537302,0.681285,3.341208,0.319782477565046,钢铁,True
sz300881,2023,4,0.136715,0.140887,0.063805,0.720779,0.894552,4.497509,0.1698847456269399,钢铁,True
sz300881,2024,1,0.052765,0.195799,0.088098,1.600801,0.208065,0.933712,0.1698847456269399,钢铁,True
sz300881,2024,2,0.129639,0.17656,0.092648,1.372135,0.442363,2.118404,0.5846038648883773,钢铁,True
sz300881,2024,3,0.195733,0.193146,0.100935,1.722248,0.685502,3.067541,0.048856939446936976,钢铁,True
sz300881,2024,4,0.228459,0.178607,0.087194,0.836999,0.896754,4.227586,0.7596873633004468,钢铁,True
sz300881,2025,1,0.045907,0.173861,0.078858,0.018984,0.215942,0.954318,0.7596873633004468,钢铁,False
sz300881,2025,2,0.081343,0.160753,0.058013,-0.291197,0.467465,2.224302,0.09400324149108581,钢铁,False
sz300881,2025,3,0.1413,0.155088,0.067313,-0.206334,0.723693,3.449758,0.1132490379329301,钢铁,False
sz300881,2025,4,0.220923,0.156683,0.078624,0.066496,0.967989,4.495436,-0.19,钢铁,False
sz301160,2022,1,0.050179,0.203265,0.110679,0.053657,0.299966,0.959825,-0.30788825330169933,钢铁,True
sz301160,2022,2,0.068898,0.201123,0.115931,0.043372,0.436834,1.654499,-0.32781286387709757,钢铁,True
sz301160,2022,3,0.108052,0.20271,0.111893,0.063446,0.681379,2.741898,0.07818243668842036,钢铁,True
sz301160,2022,4,0.150457,0.215961,0.116477,0.170269,0.94619,3.461522,0.17652964357972423,钢铁,True
sz301160,2023,1,0.031676,0.255573,0.154171,0.214805,0.16626,0.637707,0.17652964357972423,钢铁,True
sz301160,2023,2,0.063368,0.25447,0.140079,0.246168,0.371299,1.599369,-0.005115533631694862,钢铁,True
sz301160,2023,3,0.105599,0.252146,0.145039,0.388263,0.582698,2.462099,0.44138540800968373,钢铁,True
sz301160,2023,4,0.143115,0.253571,0.148296,0.421992,0.777614,3.329472,1.6802411498144656,钢铁,True
sz301160,2024,1,0.032347,0.250647,0.144572,0.269555,0.189123,0.860049,1.6802411498144656,钢铁,True
sz301160,2024,2,0.060348,0.251273,0.132434,0.163952,0.38173,1.747996,1.5967344696229326,钢铁,True
sz301160,2024,3,0.08935,0.251393,0.129169,0.010429,0.57384,2.750812,0.7174350903648149,钢铁,True
sz301160,2024,4,0.128524,0.257497,0.139323,0.031028,0.76668,3.347193,-0.18015560045739396,钢铁,True
sz301160,2025,1,0.031015,0.258349,0.157347,0.031354,0.165381,0.737085,-0.18015560045739396,钢铁,False
sz301160,2025,2,0.060985,0.255091,0.146983,0.087293,0.333397,1.422623,0.25221805838297084,钢铁,False
sz301160,2025,3,0.089293,0.2462,0.137088,0.091263,0.523016,2.152138,0.19353248209003815,钢铁,False
sz301160,2025,4,0.120354,0.240259,0.137779,0.006166,0.713137,3.140525,0.2844227312271555,钢铁,False
